symbol,signal_date,entry_date,entry_price,volume_mult,range_position,ema_pct,nifty_change,breadth_pct,regime_ok,exit_1d,exit_3d,exit_5d,ret_1d,ret_3d,ret_5d
HDFCBANK.NS,2019-09-20,2019-09-23,629.7750244140625,2.754041064434715,0.90143493944378,6.695253753416094,5.319112930777714,79.86577181208054,True,628.625,619.8499755859375,622.0999755859375,-0.18260876812834445,-1.5759673603060367,-1.2186969204226228
ICICIBANK.NS,2019-03-12,2019-03-13,387.8999938964844,2.2397676476758384,0.9313314839409347,7.269900270297327,1.1922438828049886,89.1156462585034,True,391.8999938964844,395.29998779296875,398.3999938964844,1.0311936228252292,1.9077066287500766,2.7068832599162267
ICICIBANK.NS,2024-04-29,2024-04-30,1159.949951171875,2.0365169095806444,0.9405952995725886,5.936268848542258,0.996662256880243,71.3375796178344,True,1150.4000244140625,1142.050048828125,1131.9000244140625,-0.82330507003034,-1.5431616101768937,-2.418201468905982
KOTAKBANK.NS,2020-08-28,2020-08-31,297.6000061035156,2.5599779882862457,0.905481049806443,6.647417107800954,0.7643195654994939,76.15894039735099,True,280.2699890136719,284.70001220703125,276.010009765625,-5.823258311297133,-4.334675279541933,-7.254702921740154
KOTAKBANK.NS,2021-08-04,2021-08-05,352.3399963378906,2.4635458326973687,0.9516480617416714,2.439101495593165,0.7938242467802281,70.58823529411765,True,354.3500061035156,356.17999267578125,356.1199951171875,0.5704744810456943,1.0898553606750072,1.0728270473363726
KOTAKBANK.NS,2023-07-20,2023-07-21,390.3800048828125,2.2059262863709455,0.9208630092474686,3.9875754077366663,0.7361412439498949,77.70700636942675,True,394.0400085449219,375.1000061035156,374.75,0.9375489564861462,-3.914134583784267,-4.0037923785324105
AXISBANK.NS,2021-01-05,2021-01-06,662.0,2.3382738884622256,0.9308615126436894,7.7016064180297,0.47123808655142874,93.37748344370861,True,654.25,672.7000122070312,675.7000122070312,-1.1706948640483383,1.6163160433581947,2.069488248796261
SBIN.NS,2021-05-17,2021-05-18,390.0,2.115315608140674,0.9025520037499062,6.781606013721844,1.6715760481972541,72.36842105263158,True,382.25,384.54998779296875,412.04998779296875,-1.987179487179487,-1.3974390274439104,5.653843023838141
SBIN.NS,2021-08-03,2021-08-04,448.6499938964844,2.189365856088467,0.9020982453444648,3.7927434480148,1.5460955882416139,71.89542483660131,True,456.95001220703125,435.6499938964844,426.45001220703125,1.8499985341495206,-2.897581673209484,-4.948173852995808
SBIN.NS,2023-07-20,2023-07-21,610.0,2.1309857705922375,0.9377592730477594,3.639207876595836,0.7361412439498949,77.70700636942675,True,615.0999755859375,609.5999755859375,616.5499877929688,0.836061571465164,-0.06557777279713115,1.0737684906506146
SBIN.NS,2024-04-25,2024-04-26,815.9000244140625,2.3868402015234524,0.9620109004015364,6.310113099335313,0.7496929606716884,72.61146496815286,True,801.2999877929688,826.25,831.4500122070312,-1.7894394146609747,1.2685347807619347,1.9058692643300204
SBIN.NS,2025-09-17,2025-09-18,858.6500244140625,2.746228896501174,0.9631676205977169,4.501926227142512,0.3611475529465391,81.64556962025317,True,854.3499755859375,855.25,866.2000122070312,-0.5007917901195341,-0.39597325072955725,0.8792858065916688
INDUSINDBK.NS,2019-03-13,2019-03-14,1649.0,3.390443049141814,0.9493755110955349,7.310889360121917,0.358369016565141,86.39455782312925,True,1682.699951171875,1715.800048828125,1713.4000244140625,2.0436598648802304,4.050942924689205,3.9053986909680107
INDUSINDBK.NS,2020-10-01,2020-10-05,593.2000122070312,2.692997971646433,0.9192343618343686,4.7303218280594885,1.5061092732783665,60.9271523178808,True,601.5499877929688,619.0999755859375,623.0499877929688,1.4076155451971393,4.366143433231584,5.03202545038378
BAJFINANCE.NS,2021-04-28,2021-04-29,535.0,2.874852586127546,0.9263297938093354,7.687323289687653,1.4433855260107098,64.47368421052632,True,548.4849853515625,555.114990234375,551.5150146484375,2.5205580096378504,3.759811258761682,3.086918625876168
BAJFINANCE.NS,2021-06-10,2021-06-11,610.5349731445312,2.374649398538162,0.9347035125881561,6.814937040459817,0.6549286916079033,90.13157894736842,True,612.0,616.114990234375,605.0250244140625,0.2399578926532577,0.9139553564153972,-0.9024788051190616
BAJAJFINSV.NS,2021-01-19,2021-01-20,893.7999877929688,2.3535843801958958,0.9068337214029641,1.1522296942786021,1.6794730817062842,74.83443708609272,True,893.8250122070312,907.0999755859375,912.6099853515625,0.002799777847870861,1.488027296331697,2.104497406074111
BAJAJFINSV.NS,2022-01-05,2022-01-06,1770.0999755859375,2.2992264337890758,0.9351575349506579,7.425821234238193,0.6739585234692091,80.76923076923077,True,1798.6500244140625,1779.8800048828125,1793.530029296875,1.6129060065477023,0.5525128202794094,1.323657083447035
BAJAJFINSV.NS,2022-11-04,2022-11-07,1813.199951171875,3.5873393457851983,0.9487784237143713,5.695327275681154,0.3570168155688336,79.61783439490446,True,1778.050048828125,1700.3499755859375,1718.3499755859375,-1.9385563252984066,-6.223802041964667,-5.231081962286385
BAJAJFINSV.NS,2023-07-04,2023-07-05,1631.0,5.023290856556242,0.9219763339048008,7.836888061254621,0.3438946519135566,81.41025641025641,True,1613.699951171875,1614.9000244140625,1592.4000244140625,-1.0607019514484977,-0.9871229666423974,-2.3666447324302573
BAJAJFINSV.NS,2023-11-16,2023-11-17,1593.050048828125,2.232547695331127,0.9173695377107584,2.1435109138090165,0.4561522280999375,85.98726114649682,True,1615.9000244140625,1610.4000244140625,1623.949951171875,1.4343539051234664,1.089104237415544,1.9396692757067173
BAJAJHLDNG.NS,2020-01-29,2020-01-30,3435.0,3.2397764606265875,0.936309814453125,1.2824678784927217,0.6113256399948197,62.66666666666667,True,3393.85009765625,3600.800048828125,3865.5,-1.1979593113173217,4.826784536481076,12.532751091703057
BAJAJHLDNG.NS,2024-01-19,2024-01-23,8400.0,3.6967002845921093,0.9452161222306144,5.40080091099393,0.746195718645537,66.2420382165605,True,8122.2001953125,8194.7001953125,8251.650390625,-3.3071405319940474,-2.4440452938988093,-1.7660667782738095
BAJAJHLDNG.NS,2024-08-26,2024-08-27,9911.900390625,2.3730338770217236,0.9205604709282356,3.304570782142485,0.7551387144671073,75.9493670886076,True,9934.599609375,10059.599609375,10631.25,0.22900975449137548,1.4901200872609532,7.257433802052575
IDFCFIRSTB.NS,2025-10-20,2025-10-21,77.25,4.156665396625922,0.9621384744262234,6.460954344193905,0.5184813729964155,67.29559748427673,True,76.7699966430664,78.19999694824219,79.19999694824219,-0.621363568846076,1.2297695122876213,2.5242678941646437
FEDERALBNK.NS,2020-05-29,2020-06-01,45.849998474121094,2.084974438742599,0.9090912693930369,6.5302199817027535,0.9504662651105722,82.66666666666667,True,46.650001525878906,47.099998474121094,47.349998474121094,1.7448267794585741,2.7262814429656563,3.271537731558788
FEDERALBNK.NS,2022-07-18,2022-07-19,101.5,2.520293239724805,0.9428580147879464,7.906701368309932,1.4287304158276504,79.61783439490446,True,107.05000305175781,107.19999694824219,107.3499984741211,5.467983302224446,5.615760540140086,5.763545294700585
FEDERALBNK.NS,2024-04-10,2024-04-12,159.4499969482422,2.793793615797538,0.9152541496190472,3.9512529908620566,0.49044741142307835,77.07006369426752,True,155.9499969482422,152.10000610351562,151.85000610351562,-2.195045510810582,-4.609589830918834,-4.766378795976733
FEDERALBNK.NS,2025-10-09,2025-10-10,206.91000366210938,2.208665465541125,0.90104056287882,5.51452602724511,0.5416017571936882,57.59493670886076,True,208.3000030517578,215.44000244140625,214.5,0.6717893601308668,4.122564703650885,3.6682597281692244
BANKBARODA.NS,2019-03-01,2019-03-05,108.5,2.338897520990068,0.9027772038074893,2.8903721961337525,0.6578642575862936,69.38775510204081,True,112.55000305175781,115.19999694824219,116.05000305175781,3.7327217066892278,6.175112394693261,6.958528158302131
BANKBARODA.NS,2023-09-13,2023-09-14,210.1999969482422,2.4244082384399634,0.9295150927694792,6.370992498716236,0.3841345269944396,73.88535031847134,True,211.89999389648438,217.35000610351562,207.14999389648438,0.8087521279368906,3.4015267645479526,-1.4510005214266577
BANKBARODA.NS,2025-03-27,2025-03-28,230.97999572753906,3.454088811403995,0.9215381328876202,7.964483378662958,0.4474827877002596,86.07594936708861,True,228.52999877929688,231.52000427246094,234.32000732421875,-1.0606965943198698,0.23379017876459826,1.446017689176651
PNB.NS,2023-07-03,2023-07-04,54.099998474121094,2.0796342919514075,0.9249992370605469,4.684331563698714,0.695709243369369,84.61538461538461,True,57.04999923706055,59.0,60.599998474121094,5.452866628731229,9.057304369838084,12.014787769558433
PNB.NS,2025-03-27,2025-03-28,96.41000366210938,2.7369366450281425,0.9276863249520405,4.731078167812825,0.4474827877002596,86.07594936708861,True,96.12999725341797,97.33999633789062,96.61000061035156,-0.2904329406238298,0.9646225914902143,0.20744418695711492
PNB.NS,2025-09-17,2025-09-18,112.5,3.1676799348683558,0.9536580101080023,5.252384452855502,0.3611475529465391,81.64556962025317,True,111.86000061035156,113.04000091552734,111.01000213623047,-0.5688883463541666,0.4800008138020833,-1.3244425455729167
BANDHANBNK.NS,2021-06-21,2021-06-22,343.0,3.849308658455531,0.912016450664379,7.844887314436157,0.40265882096546246,62.5,True,342.1499938964844,333.3999938964844,346.70001220703125,-0.24781519052933673,-2.798835598692602,1.0787207600674198
BANDHANBNK.NS,2022-09-13,2022-09-14,291.0,2.004783013282293,0.9078001597302334,4.41362549626601,0.7454201929980142,87.89808917197452,True,306.54998779296875,288.79998779296875,293.29998779296875,5.3436384168277495,-0.756017940560567,0.7903738120167526
BANDHANBNK.NS,2023-09-15,2023-09-18,249.3000030517578,2.128234224547863,0.9174766414674507,5.4346756510780505,0.44396138771742866,82.80254777070064,True,246.60000610351562,245.5,252.9499969482422,-1.0830312535863202,-1.5242691557323744,1.464097012356069
BANDHANBNK.NS,2025-06-06,2025-06-09,175.3000030517578,2.3697003406362733,0.9130443266320775,3.4356294664068097,1.018752395450262,79.74683544303798,True,186.24000549316406,182.47000122070312,175.19000244140625,6.240731460898026,4.090130087920393,-0.06274991924505816
CHOLAFIN.NS,2021-08-02,2021-08-03,522.9000244140625,4.760552485141929,0.9584038846943788,4.325522992336483,0.7746000136419795,64.05228758169935,True,516.6500244140625,539.6500244140625,520.7000122070312,-1.1952571635473646,3.203289198306937,-0.42073285605531985
CHOLAFIN.NS,2025-09-16,2025-09-17,1575.300048828125,2.9059018932893803,0.9297523787745549,5.5890621783724095,0.6777256391098607,82.91139240506328,True,1573.4000244140625,1590.9000244140625,1623.800048828125,-0.12061349299620344,0.9902859837744825,3.0787785499073292
MUTHOOTFIN.NS,2021-07-05,2021-07-06,1568.0,2.4197798340669823,0.9228912721197289,6.130029710862296,0.7133188273225066,71.05263157894737,True,1535.199951171875,1533.25,1558.4000244140625,-2.0918398487324614,-2.2161989795918364,-0.6122433409398916
MUTHOOTFIN.NS,2021-07-22,2021-07-23,1616.0,2.117138652913076,0.9081253051757813,4.873779710183198,1.2279233123449584,59.86842105263158,True,1567.050048828125,1560.449951171875,1563.050048828125,-3.029081136873453,-3.4375030215423887,-3.276605889348701
MUTHOOTFIN.NS,2023-11-29,2023-11-30,1418.3499755859375,3.050141660073076,0.9209395578694406,6.887908148157471,1.040238911355451,85.35031847133759,True,1481.9000244140625,1464.8499755859375,1432.199951171875,4.480561915042985,3.27845741886027,0.9764850582957079
MANAPPURAM.NS,2022-04-01,2022-04-04,122.0,2.1320056728891035,0.9108274250059528,2.20828161793874,1.1777965258592316,85.8974358974359,True,121.9000015258789,122.80000305175781,122.5999984741211,-0.08196596239433913,0.6557402063588627,0.4918020279681096
MANAPPURAM.NS,2025-06-06,2025-06-09,250.97999572753906,4.417001701417714,0.9072096270966835,5.8991559043254735,1.018752395450262,79.74683544303798,True,264.7799987792969,268.32000732421875,279.5400085449219,5.498447400859363,6.908921783353524,11.379398080947944
HDFCAMC.NS,2020-02-06,2020-02-07,1672.5,2.622829769972482,0.9002366464801358,3.99011366284973,0.40366612301674376,60.0,True,1656.949951171875,1662.074951171875,1673.324951171875,-0.9297488088565022,-0.6233213051195815,0.04932443479073244
HDFCAMC.NS,2021-07-15,2021-07-16,1564.0,4.015162906084847,0.9251717403017241,4.547279205496347,0.4431072328003882,69.07894736842105,True,1547.2249755859375,1438.824951171875,1449.800048828125,-1.072571893482257,-8.003519746043798,-7.301787159327046
HDFCAMC.NS,2023-05-26,2023-05-29,925.0250244140625,3.816877107063756,0.9552395767712739,3.136774636682138,0.9726420827874671,74.52229299363057,True,936.875,981.5250244140625,982.4500122070312,1.2810437851066372,6.107942867360667,6.207938842448439
HDFCAMC.NS,2025-05-15,2025-05-16,2360.0,2.25240030377509,0.9364437181122449,7.192004595807427,1.6021438141461841,85.44303797468355,True,2368.64990234375,2382.699951171875,2392.300048828125,0.3665212857521187,0.9618623377913136,1.3686461367849576
HDFCAMC.NS,2025-07-15,2025-07-16,2642.0,2.5024622309694675,0.9129287598944591,3.952366858376465,0.4525103218794291,62.0253164556962,True,2676.75,2795.0,2796.25,1.3152914458743377,5.79106737320212,5.838380015140046
HDFCLIFE.NS,2021-11-12,2021-11-15,723.9500122070312,2.1329341416525933,0.9186032895087028,2.599531574924054,1.2820606684330382,60.3896103896104,True,714.5999755859375,711.0499877929688,688.8499755859375,-1.2915306945833545,-1.7818943568680294,-4.84840610943398
HDFCLIFE.NS,2022-11-24,2022-11-25,575.0,3.4358664225265434,0.9573560989575878,6.078858853941927,1.1870949889830174,60.509554140127385,True,586.5999755859375,584.8499755859375,596.4500122070312,2.017387058423913,1.7130392323369565,3.730436905570652
SBILIFE.NS,2023-05-04,2023-05-05,1172.0,2.1597857520065586,0.9256428589952098,3.4755709172763147,0.9173717607303677,90.44585987261146,True,1173.699951171875,1183.1500244140625,1185.4000244140625,0.14504702831697952,0.9513672708244454,1.1433467930087458
SBILIFE.NS,2024-08-20,2024-08-21,1761.300048828125,2.514466497928903,0.9031107060777415,4.422371882862505,0.5135759339910173,62.65822784810127,True,1800.5999755859375,1789.300048828125,1838.949951171875,2.2313022011190298,1.5897348108648328,4.408669743432648
ICICIPRULI.NS,2024-06-13,2024-06-14,599.0,2.009652700364655,0.901211597669834,3.8272315465872238,0.32564994745150067,91.77215189873418,True,613.7000122070312,601.8499755859375,604.4000244140625,2.4540921881521287,0.47578891251043404,0.9015065799770451
ICICIGI.NS,2022-11-24,2022-11-25,1175.0,2.2175621282974203,0.9695719268861792,2.2562032051612766,1.1870949889830174,60.509554140127385,True,1159.3499755859375,1175.699951171875,1224.5999755859375,-1.3319169714095744,0.0595703125,4.221274517952128
ICICIGI.NS,2023-06-27,2023-06-28,1328.0,2.314423024105385,0.9211191133898509,6.882598816472578,0.675190341711196,61.146496815286625,True,1332.699951171875,1338.0999755859375,1327.0999755859375,0.35391198583396083,0.760540330266378,-0.06777292274567018
ICICIGI.NS,2024-02-27,2024-02-28,1726.0,5.21878492581951,0.9055374592833876,7.036067062080201,0.3448994348646428,60.509554140127385,True,1724.449951171875,1643.8499755859375,1652.449951171875,-0.08980584172219003,-4.759561090038384,-4.261300627353708
ICICIGI.NS,2025-04-16,2025-04-17,1815.0,3.3926833374022403,0.9156297169253835,2.072918912259218,0.4657316201027051,76.58227848101265,True,1793.4000244140625,1845.199951171875,1880.300048828125,-1.1900812995006889,1.6639091554752066,3.5977988335055096
ICICIGI.NS,2025-06-06,2025-06-09,2014.9000244140625,3.0947283422879184,0.9494376965747453,7.142967135395782,1.018752395450262,79.74683544303798,True,2021.4000244140625,1942.0,1940.699951171875,0.32259665101201307,-3.6180467284108544,-3.682568481965504
RECLTD.NS,2023-04-28,2023-05-02,133.89999389648438,3.7836833876487694,0.9655172050920211,7.501839356940204,0.8370013603697934,85.98726114649682,True,136.4499969482422,136.89999389648438,133.60000610351562,1.9044086392783357,2.240478070760216,-0.22403869054741338
RECLTD.NS,2024-01-19,2024-01-23,482.0,2.0591505154147844,0.9085366080588716,6.140118138921952,0.746195718645537,66.2420382165605,True,434.75,470.1499938964844,492.04998779296875,-9.802904564315353,-2.458507490355939,2.085059708084803
IRFC.NS,2021-05-10,2021-05-11,22.350000381469727,3.1380000086171567,0.9062490686776474,4.575879215705926,0.8041422748121585,73.02631578947368,True,22.950000762939453,23.049999237060547,23.100000381469727,2.6845654193687793,3.1319858775984,3.355704640711422
SHRIRAMFIN.NS,2020-02-05,2020-02-06,220.69097900390625,3.0032833574428106,0.917059559407409,4.560728425204965,0.9140500467834434,57.99999999999999,True,237.49856567382812,235.18934631347656,237.4790802001953,7.615892025031244,6.569533279071497,7.60706272275493
SHRIRAMFIN.NS,2023-12-14,2023-12-15,423.3999938964844,2.2610306116523606,0.9063252478483163,5.058228322664342,1.2250087289956912,93.63057324840764,True,415.5400085449219,411.9100036621094,403.3699951171875,-1.85639713388474,-2.7137435994352304,-4.730750842711147
SHRIRAMFIN.NS,2025-06-06,2025-06-09,700.0,3.1086940319627763,0.9431325679932416,5.308594222320584,1.018752395450262,79.74683544303798,True,698.0,686.0499877929688,667.1500244140625,-0.2857142857142857,-1.99285888671875,-4.692853655133929
M&MFIN.NS,2022-01-12,2022-01-13,166.8000030517578,2.5503313032103825,0.9310355108977608,6.559638592052957,0.8673115731830494,80.76923076923077,True,166.9499969482422,167.39999389648438,160.10000610351562,0.08992439672667878,0.3597067348616212,-4.016784667661659
M&MFIN.NS,2025-09-16,2025-09-17,277.1000061035156,2.5240427386991335,0.904998779296875,4.571587208437661,0.6777256391098607,82.91139240506328,True,282.0,289.54998779296875,282.79998779296875,1.7683124462487,4.492956122419649,2.0570124734402913
TCS.NS,2019-04-15,2019-04-16,2120.0,2.721625919263544,0.9175127414682509,3.7577992633974655,0.40279653604204935,78.2312925170068,True,2131.800048828125,2161.449951171875,2183.449951171875,0.5566060767983491,1.9551863760318398,2.9929222250884435
TCS.NS,2023-07-14,2023-07-17,3510.0,3.0102766889739905,0.9409882004649757,6.58775904708056,0.7765114931427508,71.97452229299363,True,3491.699951171875,3470.050048828125,3368.300048828125,-0.5213689124821937,-1.1381752470619657,-4.037035645922365
TCS.NS,2024-07-12,2024-07-15,4235.7001953125,4.528624867688339,0.9300240990613432,6.063961129964219,0.7657573644356042,73.41772151898735,True,4169.2001953125,4315.5498046875,4287.35009765625,-1.5699883592704036,1.885157251293818,1.2193946682276788
INFY.NS,2020-06-26,2020-06-29,735.4000244140625,2.3509661573854284,0.9182700631186049,5.844241796085954,0.914574014738645,85.33333333333334,True,731.75,731.9000244140625,762.7000122070312,-0.4963318320489171,-0.4759314500687787,3.7122636506193065
INFY.NS,2023-06-30,2023-07-03,1330.0,2.1188494021026703,0.9013057420760767,3.3255152118646834,1.143527476356887,80.2547770700637,True,1333.699951171875,1347.300048828125,1330.199951171875,0.27819181743421056,1.300755550986842,0.015033922697368422
INFY.NS,2024-01-12,2024-01-15,1644.949951171875,3.528717774859323,0.9161341525957502,5.56494310426401,1.1426492637705898,80.2547770700637,True,1652.0999755859375,1640.199951171875,1659.199951171875,0.4346651646737804,-0.2887625849416308,0.8662877548248925
INFY.NS,2024-06-07,2024-06-10,1525.300048828125,2.39051063680235,0.9023221720518384,5.90003056267113,2.0539931466807104,89.24050632911393,True,1499.75,1485.199951171875,1488.9000244140625,-1.6750834596612572,-2.6289973364295482,-2.386417311271204
WIPRO.NS,2023-04-24,2023-04-25,189.10000610351562,2.342578371958572,0.9192556002471729,2.2964143837370807,0.6771973756565242,68.78980891719745,True,187.8249969482422,187.1999969482422,194.1750030517578,-0.674251250195879,-1.0047641956359057,2.6837635031402765
WIPRO.NS,2023-07-14,2023-07-17,203.5,2.685624904276809,0.9657785235055083,3.226704235521791,0.7765114931427508,71.97452229299363,True,207.625,208.97500610351562,202.35000610351562,2.027027027027027,2.690420689688268,-0.5651075658399878
HCLTECH.NS,2024-08-29,2024-08-30,1751.8499755859375,2.0839585407606167,0.929361286569149,5.591817562376781,0.397565940632294,62.0253164556962,True,1753.25,1790.449951171875,1790.550048828125,0.07991691261086652,2.203383630098065,2.2090974559190535
TECHM.NS,2020-07-13,2020-07-14,594.9500122070312,2.4796228680867225,0.9440894350638335,5.963801166641162,0.3217889149241815,72.66666666666667,True,598.2999877929688,599.4000244140625,622.8499755859375,0.5630684120016074,0.747964050042364,4.689463451796282
TECHM.NS,2021-07-22,2021-07-23,1123.949951171875,2.5335245297311717,0.9462065598060345,6.1723064416068825,1.2279233123449584,59.86842105263158,True,1131.0,1120.8499755859375,1127.800048828125,0.6272564735444259,-0.2758108208203881,0.34255063156822374
TECHM.NS,2023-07-14,2023-07-17,1235.9000244140625,2.330933051509045,0.931633151307398,7.27229931253831,0.7765114931427508,71.97452229299363,True,1242.4000244140625,1244.699951171875,1195.0999755859375,0.5259325084228909,0.7120257774883146,-3.301241849838802
TECHM.NS,2024-01-12,2024-01-15,1335.0,2.21412819050973,0.9173195268854749,4.110364606354618,1.1426492637705898,80.2547770700637,True,1337.6500244140625,1326.75,1389.9000244140625,0.1985037014279026,-0.6179775280898876,4.112361379330524
TECHM.NS,2024-06-07,2024-06-10,1377.5999755859375,2.6795205875677968,0.9370365849247685,6.955908917881856,2.0539931466807104,89.24050632911393,True,1340.3499755859375,1370.5999755859375,1371.449951171875,-2.7039779805568287,-0.5081300903059812,-0.4464303515573668
TECHM.NS,2024-07-26,2024-07-29,1545.6500244140625,3.073624203479989,0.9651394507080441,3.8189895862450767,1.756732976027453,71.51898734177216,True,1525.3499755859375,1554.4000244140625,1507.699951171875,-1.313366448256649,0.5661048660298776,-2.4552824146962973
LTIM.NS,2021-03-10,2021-03-12,4168.0,5.557071241696593,0.9016134167257192,6.2292533238065175,0.5060099883821945,73.68421052631578,True,4016.050048828125,4115.9501953125,4007.449951171875,-3.64563222581274,-1.2487956978766794,-3.8519685419415786
LTIM.NS,2022-07-18,2022-07-19,4185.0,2.519219505259199,0.9051810849733991,4.032617971865585,1.4287304158276504,79.61783439490446,True,4310.9501953125,4529.9501953125,4500.7998046875,3.0095626120071683,8.242537522401433,7.545992943548387
LTIM.NS,2024-06-27,2024-06-28,5377.0,2.2184660559468092,0.9513101297782234,7.146605354585263,0.7361040898544724,71.51898734177216,True,5385.0498046875,5474.0,5459.5,0.14970810279895852,1.803979914450437,1.534312813836712
MPHASIS.NS,2019-05-30,2019-05-31,1002.0,2.2720883993052383,0.9625979356175065,4.150942244947226,0.7149487319284775,71.14093959731544,True,993.8499755859375,969.5499877929688,955.25,-0.8133756900261977,-3.2385241723584084,-4.66566866267465
MPHASIS.NS,2023-11-15,2023-11-16,2269.050048828125,2.157712093522143,0.944,2.2066300484383286,1.1926753508604282,80.89171974522293,True,2365.550048828125,2349.449951171875,2351.949951171875,4.252881070201093,3.5433287328886105,3.6535069989559963
MPHASIS.NS,2024-05-16,2024-05-17,2389.300048828125,2.2013842732278754,0.9439303228135624,2.664932901915447,0.9157377676264788,69.42675159235668,True,2311.60009765625,2367.550048828125,2390.949951171875,-3.2519963832078913,-0.9103084399411315,0.06905379441812777
MPHASIS.NS,2025-03-21,2025-03-24,2436.25,2.3814234708523956,0.9592609066310834,2.9682723859883744,0.6888551951288902,89.24050632911393,True,2482.949951171875,2515.14990234375,2500.199951171875,1.9168784472806566,3.2385798807080555,2.6249338603129813
COFORGE.NS,2024-01-12,2024-01-15,1339.97998046875,2.808032845420355,0.9194953254141905,7.627355982763144,1.1426492637705898,80.2547770700637,True,1322.81005859375,1325.3900146484375,1283.0699462890625,-1.2813565967600233,-1.088819686336557,-4.247080927267235
PERSISTENT.NS,2023-07-14,2023-07-17,2473.97509765625,2.3308269077512245,0.9090909090909091,1.4177018439840898,0.7765114931427508,71.97452229299363,True,2481.125,2569.35009765625,2374.800048828125,0.2890046205607949,3.8551317711465507,-4.008732703982335
PERSISTENT.NS,2023-07-19,2023-07-20,2574.89990234375,2.8383832346823983,0.953987937484322,4.837864644883748,0.4248282371482448,75.79617834394905,True,2521.875,2386.949951171875,2332.074951171875,-2.0592995593920045,-7.299310975187712,-9.4304617803142
OFSS.NS,2023-04-24,2023-04-25,3430.0,2.3903567841833913,0.9283374856535005,4.145954839188941,0.6771973756565242,68.78980891719745,True,3419.050048828125,3500.35009765625,3633.14990234375,-0.319240558946793,2.0510232552842567,5.922737677660351
OFSS.NS,2023-07-14,2023-07-17,4042.0,3.2446282853155206,0.9533538187846198,5.166749302652049,0.7765114931427508,71.97452229299363,True,3951.10009765625,3957.10009765625,3856.550048828125,-2.2488842737196935,-2.1004429080591294,-4.588074002273008
OFSS.NS,2023-12-15,2023-12-18,4379.85009765625,2.5991415649360436,0.9278079246950417,5.917280988842423,1.2932779200891975,91.0828025477707,True,4375.2998046875,4187.10009765625,4212.14990234375,-0.10389152293556708,-4.4008355469321785,-3.8289026239103454
OFSS.NS,2024-06-06,2024-06-07,8200.0,2.2690453272536404,0.940532441225479,6.621043435592957,0.8888049244237806,67.72151898734177,True,8406.2998046875,8438.25,9658.0,2.515851276676829,2.905487804878049,17.78048780487805
KPITTECH.NS,2020-08-04,2020-08-05,71.05000305175781,2.720896992826811,1.0,3.296460060569373,1.8697932161379383,66.0,True,71.05000305175781,78.75,79.94999694824219,0.0,10.837433662927458,12.52638073780376
KPITTECH.NS,2022-05-30,2022-05-31,524.0,2.062390628765776,0.9162439516706827,3.13043529503549,1.8893205092962884,61.146496815286625,True,530.2999877929688,537.0,538.4000244140625,1.2022877467497615,2.480916030534351,2.7480962622256677
KPITTECH.NS,2024-01-31,2024-02-01,1550.800048828125,2.6926229836884854,0.905010741672337,3.484005347610533,0.9460025419002926,68.15286624203821,True,1524.6500244140625,1594.3499755859375,1655.050048828125,-1.6862279849567314,2.808223200065113,6.722336646737752
TANLA.NS,2021-05-17,2021-05-18,935.0,2.6509441403610348,1.0,2.9852723758010797,1.6715760481972541,72.36842105263158,True,880.3499755859375,875.2000122070312,866.9000244140625,-5.844922397225936,-6.395720619568849,-7.283419848763368
SUNPHARMA.NS,2021-05-05,2021-05-06,689.8499755859375,2.6759365740561862,0.9014239300469296,6.780016883006466,0.8370959153933599,60.526315789473685,True,679.4000244140625,698.2000122070312,702.8499755859375,-1.5148150382985999,1.2104134111190603,1.8844677045843479
DRREDDY.NS,2020-09-16,2020-09-17,940.7999877929688,2.7023345062265336,0.9045045916393476,4.653531101339575,0.71820376506051,64.90066225165563,True,965.4500122070312,1028.4000244140625,1021.5499877929688,2.62011317324623,9.311228503158835,8.583120859666693
DRREDDY.NS,2023-08-09,2023-08-10,1176.02001953125,3.445488665190862,0.9400412162821535,6.6943379613660525,0.3152707884763739,70.70063694267516,True,1170.22998046875,1164.6700439453125,1176.1300048828125,-0.49234187907854265,-0.9651175488034199,0.009352336672494663
DRREDDY.NS,2024-01-31,2024-02-01,1217.8900146484375,3.5203213413145966,0.950521694319821,5.577989438385933,0.9460025419002926,68.15286624203821,True,1198.6300048828125,1218.8900146484375,1235.949951171875,-1.581424392512545,0.08210922069910108,1.4828873138146859
DRREDDY.NS,2024-06-27,2024-06-28,1251.0899658203125,3.8170887156995463,0.9467486705157943,3.505786402783267,0.7361040898544724,71.51898734177216,True,1280.469970703125,1274.050048828125,1295.8699951171875,2.348352691290963,1.8352063908336178,3.5792813083201183
CIPLA.NS,2020-07-16,2020-07-17,674.5,2.296546392175775,0.9301198936370482,5.286348369935621,1.1466161662100571,58.666666666666664,True,689.0999755859375,662.2999877929688,671.4500122070312,2.1645627258617495,-1.808749029952743,-0.4521849952511119
CIPLA.NS,2024-01-10,2024-01-11,1339.8499755859375,2.0058423123385376,0.9381706492705305,5.221658239319519,0.34277152411805734,73.24840764331209,True,1325.6500244140625,1313.1500244140625,1294.0,-1.0598165041324972,-1.99275677563816,-3.422023093733803
DIVISLAB.NS,2020-07-23,2020-07-24,2390.0,2.1241514895084577,0.9150511930490973,5.692747318844119,0.7442159858846331,78.0,True,2349.10009765625,2341.550048828125,2562.35009765625,-1.7112929850941423,-2.027194609701883,7.211301157165272
DIVISLAB.NS,2022-11-01,2022-11-02,3836.449951171875,4.147670234599138,0.941727096095513,5.636471686509874,0.7395053222392978,78.343949044586,True,3781.449951171875,3746.300048828125,3298.75,-1.43361703397694,-2.349826102024685,-14.015560166701254
DIVISLAB.NS,2023-05-22,2023-05-23,3241.050048828125,3.399362338136216,0.9720649326741589,1.0756030312840157,0.6097761825706316,68.78980891719745,True,3385.800048828125,3435.64990234375,3477.85009765625,4.4661451634274405,6.0042224150777,7.306275597741707
DIVISLAB.NS,2023-08-07,2023-08-08,3925.050048828125,2.6058312685708405,0.9409378051757813,5.723548847746674,0.41144018676027017,64.96815286624204,True,3846.39990234375,3745.5,3730.550048828125,-2.003799837096524,-4.574465206672511,-4.955350825604644
DIVISLAB.NS,2024-07-26,2024-07-29,4804.0,2.299194093235123,0.9211866340021622,4.97361415192998,1.756732976027453,71.51898734177216,True,4923.85009765625,4923.2001953125,4991.25,2.4947980361417565,2.4812696776124064,3.8977935054121566
DIVISLAB.NS,2025-10-10,2025-10-13,6465.5,3.160046221119333,0.9169811320754717,7.429157496130724,0.41120501676790155,65.82278481012658,True,6556.0,6573.0,6621.5,1.3997370659655093,1.662671100456268,2.4128064341504913
LUPIN.NS,2022-04-04,2022-04-05,794.5,2.16989791546479,0.9464871132231844,4.191155438696493,2.1671841339984343,91.66666666666666,True,776.2000122070312,784.5999755859375,785.5,-2.3033338946467903,-1.246069781505664,-1.1327879169288861
LUPIN.NS,2022-11-11,2022-11-14,749.0,2.2198861631648636,0.9166666666666666,6.177702086991538,1.7833173247033374,67.51592356687898,True,759.5,739.6500244140625,721.0499877929688,1.4018691588785046,-1.2483278485897864,-3.731643819363318
AUROPHARMA.NS,2020-11-11,2020-11-12,814.5,2.1902079162878767,0.9140222250542882,2.9150354710097677,0.9346041508720315,81.45695364238411,True,839.0,852.1500244140625,835.0,3.0079803560466543,4.622470769068447,2.5168815224063845
AUROPHARMA.NS,2023-12-21,2023-12-22,1099.9000244140625,2.362482976761355,0.9430728368815697,6.728075389935401,0.49597940765233606,73.88535031847134,True,1066.4000244140625,1069.5999755859375,1084.0,-3.04573136252507,-2.7548002687122772,-1.4455881499350582
AUROPHARMA.NS,2025-05-12,2025-05-13,1225.0,2.0270603469516852,0.9566182051731185,1.4116748191429052,3.8183073090219954,84.81012658227847,True,1223.800048828125,1216.9000244140625,1205.9000244140625,-0.09795519770408162,-0.6612224968112245,-1.5591816804846939
BIOCON.NS,2021-09-16,2021-09-17,390.0,2.379921251371646,0.9028077497531569,4.417489336267456,0.6281634763507293,87.58169934640523,True,377.3999938964844,367.25,368.20001220703125,-3.2307707957732372,-5.833333333333333,-5.589740459735577
BIOCON.NS,2022-04-21,2022-04-22,373.8999938964844,3.2861111398730856,0.960227725919718,7.048440666556098,1.4941678252146096,66.66666666666666,True,375.54998779296875,380.04998779296875,376.75,0.441292838571477,1.6448232139278998,0.7622375367849458
TORNTPHARM.NS,2019-04-09,2019-04-10,933.0,2.3435072874355796,0.9142848423549107,0.4851704532023808,0.5812417192683883,78.2312925170068,True,930.9249877929688,917.0,919.5499877929688,-0.222402165812567,-1.714898177920686,-1.4415875891780547
TORNTPHARM.NS,2019-11-25,2019-11-26,882.5,2.123894446431241,0.9323700228110308,0.15556644927444355,1.3374538722098483,61.33333333333333,True,894.0499877929688,941.9249877929688,945.25,1.3087804864553825,6.733709664925637,7.110481586402266
TORNTPHARM.NS,2021-05-05,2021-05-06,1317.0,2.0433753378574293,0.9286907851384223,3.3718318995046133,0.8370959153933599,60.526315789473685,True,1303.5250244140625,1383.4000244140625,1362.925048828125,-1.0231568402382307,5.0417634331102885,3.487095583001139
TORNTPHARM.NS,2021-05-10,2021-05-11,1381.4000244140625,2.9302759021274567,0.9020443133223072,7.556432189952202,0.8041422748121585,73.02631578947368,True,1357.2249755859375,1361.1500244140625,1361.8499755859375,-1.7500396989191556,-1.4659041292973252,-1.4152344348203836
TORNTPHARM.NS,2022-10-31,2022-11-01,1652.1500244140625,2.016528606532767,0.9137931034482759,4.305521998850803,1.26722303955642,72.61146496815286,True,1686.1500244140625,1689.550048828125,1681.3499755859375,2.057924492181523,2.263718419114298,1.7673910202090037
TORNTPHARM.NS,2024-11-29,2024-12-02,3301.0,2.1148672445304477,0.9331319312224631,3.366222453960207,0.9072001940535257,55.69620253164557,True,3339.14990234375,3352.64990234375,3332.5,1.1557074324068464,1.5646744121099665,0.9542562859739473
ZYDUSLIFE.NS,2020-07-17,2020-07-20,381.0,2.4611005968653,0.9268284967295937,4.7276963213906615,1.506059125586967,75.33333333333333,True,374.29998779296875,366.6499938964844,363.1000061035156,-1.758533387672244,-3.7664058014476707,-4.698161127686188
ZYDUSLIFE.NS,2022-08-11,2022-08-12,383.75,2.016389686116892,0.9218253281880916,6.446600538695072,0.7085929368824795,86.62420382165605,True,386.8500061035156,399.8500061035156,388.29998779296875,0.8078191800692183,4.195441329906352,1.1856645714576548
GLENMARK.NS,2022-05-30,2022-05-31,405.54998779296875,2.259973562838991,0.9317186361473124,0.4313040362663402,1.8893205092962884,61.146496815286625,True,393.54998779296875,389.1000061035156,392.54998779296875,-2.9589447321413656,-4.0562155553191035,-3.2055234598198123
GLENMARK.NS,2023-09-11,2023-09-12,812.0,2.048338595491628,0.9341142491519426,4.374535720748356,0.8900143420050854,94.90445859872611,True,814.2000122070312,865.4000244140625,851.5499877929688,0.27093746392010465,6.576357686460899,4.870688151843442
LAURUSLABS.NS,2022-07-27,2022-07-28,520.0,4.072288279305742,0.9005515080905275,2.703360311625347,0.9582177441437301,72.61146496815286,True,525.25,525.7999877929688,522.25,1.0096153846153846,1.1153822678786058,0.4326923076923077
LAURUSLABS.NS,2025-06-09,2025-06-10,671.0499877929688,2.412365528974839,0.9233563959886127,7.798232115992247,0.4005448710087123,84.17721518987342,True,666.4500122070312,666.75,680.25,-0.6854892585672288,-0.6407850191773456,1.3709876126053404
LAURUSLABS.NS,2025-09-18,2025-09-19,926.0,2.3715759361088575,0.9246916594328703,4.318290296445847,0.36853015416349333,88.60759493670885,True,932.0999755859375,910.0499877929688,896.3499755859375,0.6587446637081533,-1.7224635212776729,-3.2019464810002702
APOLLOHOSP.NS,2020-11-11,2020-11-12,2155.0,2.719901954733803,0.9155911663385827,4.359849050865472,0.9346041508720315,81.45695364238411,True,2110.449951171875,2284.64990234375,2288.699951171875,-2.067287648636891,6.0162367676914155,6.204174068300464
APOLLOHOSP.NS,2022-11-24,2022-11-25,4815.0,2.7836676307477357,0.9180356378424658,7.489936729907429,1.1870949889830174,60.509554140127385,True,4789.4501953125,4719.2001953125,4775.7001953125,-0.5306293808411214,-1.9896117276739356,-0.8161953206126689
MAXHEALTH.NS,2024-04-29,2024-04-30,837.0,2.291652733263088,0.9061000815505259,4.363273786971446,0.996662256880243,71.3375796178344,True,840.2999877929688,813.4500122070312,805.2000122070312,0.3942637745482378,-2.8136186132579155,-3.7992816956951914
MARUTI.NS,2021-01-08,2021-01-11,8099.0,2.836512178311487,0.9019563094429348,5.438658502435072,1.4847223590326086,96.68874172185431,True,8232.75,8139.85009765625,8024.75,1.651438449191258,0.5043844629738239,-0.916779849364119
MARUTI.NS,2024-09-26,2024-09-27,13383.0,2.491711762953287,0.9531838290662651,6.813699705412311,0.8148714241454025,70.88607594936708,True,13495.599609375,13166.0,12605.75,0.841362993162968,-1.6214600612717627,-5.807741164163491
M&M.NS,2019-09-20,2019-09-23,576.25,3.868243953082262,0.9078594790341113,6.080992298276823,5.319112930777714,79.86577181208054,True,565.0,534.7000122070312,555.0999755859375,-1.9522776572668112,-7.21041002914859,-3.6702862323752714
M&M.NS,2020-07-02,2020-07-03,531.4000244140625,2.0068054841284027,0.916667127378795,7.089458928666609,1.1663452514898642,80.66666666666666,True,530.5,560.0,560.2999877929688,-0.16936853080782105,5.3820049439163435,5.438457292276606
M&M.NS,2021-05-18,2021-05-19,794.0,2.0612155077796754,0.9510337453260631,3.264365138295147,1.2393443335275034,80.26315789473685,True,784.7999877929688,818.9500122070312,811.25,-1.1586917137318955,3.1423189177621222,2.172544080604534
M&M.NS,2022-01-12,2022-01-13,880.5499877929688,3.5865413653059064,0.9124694641349037,4.713961008142587,0.8673115731830494,80.76923076923077,True,896.0,900.7999877929688,894.4000244140625,1.7545866130502736,2.2996990836096742,1.5728847666908505
M&M.NS,2023-08-07,2023-08-08,1530.0,2.750057419791981,0.918408446050995,1.9746135714036444,0.41144018676027017,64.96815286624204,True,1499.699951171875,1545.4000244140625,1546.8499755859375,-1.980395348243464,1.0065375434027777,1.1013055938521243
M&M.NS,2024-09-20,2024-09-23,2962.75,4.483420866785105,0.9433442579334366,6.329294387923053,1.4760441377741573,59.49367088607595,True,3049.800048828125,3091.050048828125,3183.64990234375,2.938150327504008,4.33043789817315,7.45590759746013
BAJAJ-AUTO.NS,2020-06-22,2020-06-23,2890.0,2.1315678743277635,0.9151121293763708,5.436431438281758,0.6520616350433883,89.33333333333333,True,2862.14990234375,2820.449951171875,2859.5,-0.9636711991782007,-2.406576084018166,-1.055363321799308
BAJAJ-AUTO.NS,2023-09-15,2023-09-18,5124.0,4.722643103230237,0.927734375,7.66012550977688,0.44396138771742866,82.80254777070064,True,5176.64990234375,5085.2001953125,5005.4501953125,1.0275156585431302,-0.7572171094359875,-2.3136183584601877
HEROMOTOCO.NS,2021-05-06,2021-05-07,2948.949951171875,2.590871232710736,0.9274097281353253,1.1197736564370409,0.73164109749706,67.10526315789474,True,2860.800048828125,2838.35009765625,2812.35009765625,-2.9891962835354446,-3.750482556398559,-4.632152317856122
HEROMOTOCO.NS,2022-01-10,2022-01-11,2584.64990234375,2.039687300820935,0.9376989927582748,4.04050305470971,1.0700318921871732,77.56410256410257,True,2568.25,2593.60009765625,2701.5,-0.634511557208527,0.34628269400757133,4.5209255439311455
HEROMOTOCO.NS,2023-07-04,2023-07-05,3050.0,2.6832345583274564,0.9186806965676803,6.014062293587656,0.3438946519135566,81.41025641025641,True,3158.199951171875,3148.199951171875,3102.60009765625,3.547539382684426,3.2196705302254096,1.7245933657786885
HEROMOTOCO.NS,2023-10-11,2023-10-12,3116.949951171875,2.1015482661593112,0.9177812364654673,2.929276977167151,0.6170692128707245,61.146496815286625,True,3088.25,3161.0,3153.14990234375,-0.9207703563249299,1.4132420962217749,1.1613901967936622
HEROMOTOCO.NS,2025-03-27,2025-03-28,3779.0,2.1414101503184293,0.9051219678852067,2.7774521831582075,0.4474827877002596,86.07594936708861,True,3722.949951171875,3783.949951171875,3659.199951171875,-1.4831979049517068,0.1309857415156126,-3.170152125645012
HEROMOTOCO.NS,2025-07-15,2025-07-16,4454.0,2.908488936357341,0.9463152501578753,3.4938281555187434,0.4525103218794291,62.0253164556962,True,4424.5,4396.7001953125,4342.39990234375,-0.6623259991019309,-1.286479674169286,-2.5056151247474183
HEROMOTOCO.NS,2025-11-17,2025-11-18,5820.0,2.924861532824631,0.9518828451882845,5.247094903451037,0.39906690408659795,62.5,True,5799.5,5999.5,5982.0,-0.35223367697594504,3.084192439862543,2.7835051546391756
TVSMOTOR.NS,2019-06-03,2019-06-04,500.0,2.2878457565973327,0.9234970794301609,2.802911089688353,1.3901936014629301,81.87919463087249,True,494.75,480.29998779296875,475.95001220703125,-1.05,-3.94000244140625,-4.80999755859375
TVSMOTOR.NS,2025-10-15,2025-10-16,3585.0,2.042769735049567,0.9483687990313967,2.774098337666054,0.7080820872521931,61.63522012578616,True,3576.5,3652.0,3597.199951171875,-0.23709902370990238,1.8688981868898187,0.34030547201882844
ASHOKLEY.NS,2020-12-16,2020-12-17,50.474998474121094,2.2490691622262937,0.9191931024065746,7.180356415944433,0.8464907059269056,93.37748344370861,True,49.79999923706055,46.25,47.599998474121094,-1.3372942198435607,-8.370477665863193,-5.695889226176072
ASHOKLEY.NS,2021-05-18,2021-05-19,61.650001525878906,2.3638503759926457,0.92805752236676,6.872869525216689,1.2393443335275034,80.26315789473685,True,62.400001525878906,62.724998474121094,63.17499923706055,1.2165449820551448,1.7437095241448364,2.4736377509114744
ASHOKLEY.NS,2021-06-11,2021-06-14,65.5250015258789,2.0058829574006722,0.9010996381489592,5.591728381231579,0.3914130633349666,94.73684210526315,True,64.875,62.95000076293945,58.224998474121094,-0.9919900965163504,-3.929798859939689,-11.140790357516737
ASHOKLEY.NS,2026-04-08,2026-04-09,172.8000030517578,3.153174530004191,0.9334630280480996,2.188894621533475,3.7783792956159967,80.625,True,170.3800048828125,172.05999755859375,176.72999572753906,-1.4004618785917868,-0.4282439120920692,2.2743012768374324
BHARATFORG.NS,2020-04-17,2020-04-20,289.29998779296875,3.765609115537876,0.9449996948242188,3.033834117319609,3.046328187687486,72.0,True,290.3500061035156,256.3999938964844,263.25,0.3629513843250826,-11.372276282302694,-9.004489765692924
BHARATFORG.NS,2021-07-07,2021-07-08,807.0,3.3181526907924725,0.919566995020472,7.641224907095986,0.3881617158977724,69.73684210526315,True,808.9500122070312,806.25,812.0999755859375,0.2416372003756196,-0.09293680297397769,0.6319672349364932
MOTHERSON.NS,2023-12-14,2023-12-15,66.5,2.0781121951771335,0.9230781419735589,5.618532923399598,1.2250087289956912,93.63057324840764,True,65.5,64.23332977294922,62.633331298828125,-1.5037593984962405,-3.40852665721922,-5.814539400258459
MOTHERSON.NS,2024-09-26,2024-09-27,142.63333129882812,2.1588441051520997,0.9267190155839958,6.986983330235217,0.8148714241454025,70.88607594936708,True,143.39999389648438,140.5,133.94667053222656,0.5375059186201233,-1.4956751548897271,-6.090203942865444
MRF.NS,2021-07-13,2021-07-14,83000.0,3.189657096683467,0.9030985889969397,2.42969741558124,0.7630985495128417,67.10526315789474,True,82806.046875,82449.8515625,81640.046875,-0.2336784638554217,-0.6628294427710844,-1.6384977409638555
MRF.NS,2021-10-08,2021-10-11,85860.0,3.7456740831819406,0.9027184146704613,6.870629399820266,0.5893622760496431,67.3202614379085,True,84932.8984375,86106.546875,84314.1015625,-1.0797828587235034,0.28714986606102955,-1.8004873485907291
MRF.NS,2024-01-29,2024-01-30,144650.0,2.1443176598278852,0.9646401551115864,7.175367813951558,1.8030591452244726,62.42038216560509,True,140619.84375,142477.796875,141645.75,-2.786143276875216,-1.5016959039059798,-2.076909782232976
BALKRISIND.NS,2022-11-07,2022-11-09,1970.0,2.1189562186734796,0.9417951824069328,1.5807220811985065,0.4727586225111935,79.61783439490446,True,1934.550048828125,1889.449951171875,1963.199951171875,-1.7994899072017765,-4.08883496589467,-0.34518014355964466
BALKRISIND.NS,2022-11-15,2022-11-16,1948.0,7.658491847290234,0.9028938295215385,1.9888130175062362,0.40509242609507723,66.87898089171973,True,1956.300048828125,1972.75,1950.300048828125,0.426080535324692,1.2705338809034907,0.1180723217723306
BALKRISIND.NS,2023-04-12,2023-04-13,2058.0,2.564302149992228,0.9181754968286714,2.995413801807308,0.5083967961446945,81.52866242038218,True,2069.75,2125.39990234375,2041.800048828125,0.5709426627793975,3.2750195502308066,-0.7871696390609815
BALKRISIND.NS,2023-05-22,2023-05-23,2300.0,2.6885350952249127,0.9506800759100846,6.107957626383046,0.6097761825706316,68.78980891719745,True,2408.949951171875,2445.75,2280.5,4.736954398777174,6.33695652173913,-0.8478260869565218
BALKRISIND.NS,2024-07-18,2024-07-19,3169.89990234375,3.25816148310673,0.9067881845918717,0.5133919620067506,0.7632129743428306,70.25316455696202,True,3139.64990234375,3174.75,3160.949951171875,-0.9542888082249491,0.15300475742669198,-0.2823417599166969
EXIDEIND.NS,2022-09-05,2022-09-06,173.8000030517578,6.723660180576397,0.9272727272727272,7.989884888338379,0.7203850071011875,65.60509554140127,True,173.9499969482422,169.8000030517578,174.35000610351562,0.08630258564478084,-2.301495931970033,0.3164574465479273
EXIDEIND.NS,2024-01-31,2024-02-01,337.5,2.10671460746203,0.9393070211647492,4.89008825043519,0.9460025419002926,68.15286624203821,True,334.20001220703125,347.1000061035156,346.8500061035156,-0.9777741608796295,2.8444462528935186,2.7703721788194446
EXIDEIND.NS,2025-08-19,2025-08-20,395.1000061035156,7.146394539532009,0.910567841606431,2.761169345591475,0.41685646806257637,56.32911392405063,True,396.29998779296875,396.04998779296875,396.79998779296875,0.3037159379690649,0.2404408187238122,0.4302661764595701
ESCORTS.NS,2019-07-01,2019-07-02,571.7999877929688,2.51727102026641,0.9142480763470402,0.8841931097880701,0.6510389269786421,61.74496644295302,True,563.9500122070312,570.9000244140625,519.4000244140625,-1.3728534021549745,-0.15739129033211857,-9.164037162917651
ESCORTS.NS,2020-09-02,2020-09-03,1218.0,2.8440873554905077,0.9105921520968776,7.838720981718232,0.5645038251127943,64.23841059602648,True,1224.550048828125,1145.949951171875,1205.800048828125,0.5377708397475369,-5.915439148450329,-1.001638027247537
ESCORTS.NS,2021-06-03,2021-06-04,1228.949951171875,2.59778880751969,0.9310052197052402,4.096512712809352,0.7328450625387672,91.44736842105263,True,1218.949951171875,1204.949951171875,1199.0,-0.8137027867135207,-1.9528866881124498,-2.437035873048856
ESCORTS.NS,2021-08-02,2021-08-03,1200.25,3.0733679519386095,0.9033961912068089,2.0404659164017445,0.7746000136419795,64.05228758169935,True,1213.5,1224.550048828125,1194.300048828125,1.1039366798583627,2.024582281035201,-0.495725988075401
ESCORTS.NS,2023-05-04,2023-05-05,2058.949951171875,2.051499786164041,0.9005860013261968,4.501236607751526,0.9173717607303677,90.44585987261146,True,2067.39990234375,2079.64990234375,2069.699951171875,0.4104009991629769,1.0053644655176484,0.5221107970051198
ESCORTS.NS,2024-09-20,2024-09-23,4105.9501953125,7.3844046896846205,0.9343584002034359,6.482929553162813,1.4760441377741573,59.49367088607595,True,4233.89990234375,4374.7001953125,4328.0,3.116202119970232,6.5453789553223185,5.408000441432534
RELIANCE.NS,2021-05-28,2021-05-31,970.0726318359375,3.3705431927968106,0.911304725837484,5.83267965897215,0.6376433707514062,81.57894736842105,True,996.9780883789062,1015.8765258789062,1010.9154052734375,2.7735507280571445,4.721697380151973,4.210279941637142
RELIANCE.NS,2021-09-03,2021-09-06,1113.59912109375,2.216579218762581,0.9297295442457378,7.985521524251943,0.5190230833697296,84.9673202614379,True,1119.4140625,1122.067626953125,1094.469970703125,0.5221754665663444,0.7604626924505328,-1.717777073300562
IOC.NS,2021-05-10,2021-05-11,65.73332977294922,2.47710242691857,0.908044797676456,7.731892301297767,0.8041422748121585,73.02631578947368,True,69.13333129882812,67.36666870117188,70.36666870117188,5.172416394579307,2.484795664337109,7.048690434862745
IOC.NS,2021-11-08,2021-11-09,94.30000305175781,2.095861967587258,0.9323301542284619,7.107101477036261,0.8469704042186388,62.745098039215684,True,93.13333129882812,88.86666870117188,88.56666564941406,-1.237191638572211,-5.761754161984258,-6.079891004029906
IOC.NS,2023-07-06,2023-07-07,99.44999694824219,2.2717730093155084,0.9285698715538335,6.797825165656151,0.509321758125636,88.46153846153845,True,99.19999694824219,98.0999984741211,96.19999694824219,-0.2513826120377964,-1.3574645706864001,-3.2679739564913532
IOC.NS,2025-10-29,2025-10-30,163.08999633789062,4.390397235747983,0.9266896102102847,6.54245480021078,0.45381040946781415,76.72955974842768,True,163.50999450683594,167.72999572753906,168.3699951171875,0.2575254021559718,2.8450545673170935,3.2374755643244657
BPCL.NS,2020-07-16,2020-07-17,202.25,2.2020952474404276,0.9346312849636251,4.387929510449536,1.1466161662100571,58.666666666666664,True,221.89999389648438,232.10000610351562,228.77499389648438,9.715695375270396,14.758964698895241,13.114953718904513
BPCL.NS,2022-09-08,2022-09-09,170.75,2.5549808816555064,0.9107143830278854,2.9396910149462974,0.9892512965589573,73.24840764331209,True,169.25,170.52499389648438,165.6999969482422,-0.8784773060029283,-0.13177517043374817,-2.9575420508098462
BPCL.NS,2022-11-24,2022-11-25,160.5,2.8256164165345647,0.912663848569007,4.261253043286913,1.1870949889830174,60.509554140127385,True,162.22500610351562,169.52499389648438,169.3000030517578,1.0747701579536604,5.623049156688084,5.482867945020444
HINDPETRO.NS,2020-12-14,2020-12-15,152.73333740234375,2.5684245702821618,0.9102548803652718,6.76322995030937,0.32781762806703973,89.40397350993378,True,150.96665954589844,150.63333129882812,139.56666564941406,-1.1567074264810784,-1.3749493982336036,-8.620692755665301
HINDPETRO.NS,2022-01-05,2022-01-06,210.63333129882812,2.823251232504633,0.9340977594497392,5.641193814363226,0.6739585234692091,80.76923076923077,True,209.43333435058594,217.6999969482422,212.76666259765625,-0.5697089538690991,3.354960777498456,1.0128175278211506
HINDPETRO.NS,2025-12-31,2026-01-01,499.75,3.68100197096462,0.9419150471273718,6.434538868990167,0.7353834224439026,62.5,True,498.6000061035156,492.3999938964844,476.45001220703125,-0.23011383621498246,-1.4707365889976238,-4.662328722955228
GAIL.NS,2023-07-03,2023-07-04,107.0,2.3203221746196867,0.9210518918875509,0.6068719320200087,0.695709243369369,84.61538461538461,True,106.55000305175781,110.80000305175781,108.94999694824219,-0.4205578955534463,3.551404721268984,1.822427054431951
COALINDIA.NS,2022-01-03,2022-01-04,156.0,3.3220319295849174,0.9273749588694512,3.944892413159181,1.5653315812207858,80.76923076923077,True,153.0,154.64999389648438,160.6999969482422,-1.9230769230769231,-0.8653885278946314,3.012818556565505
NTPC.NS,2021-09-15,2021-09-16,124.5,4.544833397228429,0.926553487237357,6.67541964580599,0.802354538262362,90.84967320261438,True,124.0,122.69999694824219,124.4000015258789,-0.4016064257028112,-1.4457855837412148,-0.08032005953501506
NTPC.NS,2022-01-04,2022-01-05,132.60000610351562,2.7373803333247557,0.938929928411852,5.352262289500283,1.018687423526421,82.6923076923077,True,132.0,131.35000610351562,132.3000030517578,-0.4524932699077131,-0.9426847228228437,-0.22624663495385655
NTPC.NS,2022-04-01,2022-04-04,141.85000610351562,2.519293455713733,0.9248119610659593,6.310578109551254,1.1777965258592316,85.8974358974359,True,144.3000030517578,153.0,152.0500030517578,1.7271743692801058,7.860411291309795,7.190691934689589
NTPC.NS,2023-09-01,2023-09-04,233.6999969482422,2.413271917203021,0.9387098743069556,5.85373025978776,0.9426710188917609,67.51592356687898,True,235.8000030517578,231.89999389648438,240.25,0.898590556670275,-0.7702195444001059,2.8027398961449066
NTPC.NS,2024-06-03,2024-06-04,391.8999938964844,2.6572590686736395,0.9291126878955697,7.281299226656225,3.2542317695352763,68.35443037974683,True,331.25,349.75,364.8999938964844,-15.475885389399707,-10.755293328128447,-6.889512738071571
NTPC.NS,2026-01-02,2026-01-05,350.3500061035156,2.8299922497728347,0.9472143964316782,7.401265581637941,0.6960765170238581,75.0,True,350.6000061035156,348.8500061035156,336.0,0.07135721297122916,-0.42814327782737494,-4.095905766668011
POWERGRID.NS,2019-11-19,2019-11-20,110.2219009399414,2.0769872098727227,0.9051711437410991,0.42093529179853106,0.46783297046573136,56.666666666666664,True,110.3062744140625,111.79690551757812,109.35002899169922,0.0765487379564138,1.4289397698692565,-0.791015161966096
POWERGRID.NS,2020-01-13,2020-01-14,109.57502746582031,2.773850904360818,0.9374984105455008,1.9103141494292504,0.5935480807329307,86.0,True,109.82815551757812,110.5031509399414,115.11565399169922,0.2310088873459517,0.8470209824137191,5.056468297584677
POWERGRID.NS,2021-08-12,2021-08-13,138.14999389648438,3.3190398812442656,0.9385971174232419,6.765560990628579,0.5045395484346349,55.55555555555556,True,138.5625,137.4375,133.9499969482422,0.29859292199803883,-0.5157393615364514,-3.040171649511067
POWERGRID.NS,2022-04-01,2022-04-04,169.5,2.15722196571889,0.9274620138008969,6.075542582739866,1.1777965258592316,85.8974358974359,True,170.5500030517578,177.4875030517578,174.4499969482422,0.6194708269957595,4.712391180978061,2.920352181853798
POWERGRID.NS,2023-12-05,2023-12-06,226.0,2.2841197183485815,0.9188036584586532,5.759716311819813,0.8135565760247543,94.90445859872611,True,224.39999389648438,228.60000610351562,231.35000610351562,-0.7079673024405421,1.1504451785467367,2.3672593378387723
TATAPOWER.NS,2021-08-02,2021-08-03,134.39999389648438,3.255284353625281,0.9349108579415254,7.85771046987974,0.7746000136419795,64.05228758169935,True,132.60000610351562,134.5500030517578,132.0500030517578,-1.3392766924938335,0.11161395988527753,-1.748505172207477
TATAPOWER.NS,2023-09-01,2023-09-04,257.95001220703125,2.1243413393346073,0.939087167269015,5.8215091599914865,0.9426710188917609,67.51592356687898,True,259.1499938964844,257.5,268.8500061035156,0.46519931485407995,-0.17445713732708382,4.225622555015045
TATAPOWER.NS,2023-11-28,2023-11-29,275.0,2.825786310401657,0.9534878769454965,5.398299073601336,0.4799264638990497,80.2547770700637,True,273.3999938964844,276.0,281.5,-0.5818204012784091,0.36363636363636365,2.3636363636363638
TATAPOWER.NS,2024-07-26,2024-07-29,446.95001220703125,2.979876380020351,0.9065421626955832,3.0467613581367625,1.756732976027453,71.51898734177216,True,442.25,453.6000061035156,460.3500061035156,-1.0515744666439706,1.4878607707485727,2.998096773801491
TATAPOWER.NS,2024-09-10,2024-09-11,445.8999938964844,3.471168303257131,0.9324582286975233,4.293272602543051,0.41986500501236534,57.59493670886076,True,435.6499938964844,441.79998779296875,445.1000061035156,-2.2987217179418793,-0.9194900559849393,-0.17940968914982022
TATAPOWER.NS,2026-01-02,2026-01-05,392.5,3.2402338846623455,0.9556461238965059,2.939111549933545,0.6960765170238581,75.0,True,388.8500061035156,380.75,364.79998779296875,-0.929934750696656,-2.993630573248408,-7.057327950835987
ADANIPOWER.NS,2021-10-04,2021-10-05,20.559999465942383,3.2830905404881263,1.0,4.873149035681687,0.9080467581137563,71.24183006535948,True,21.299999237060547,20.389999389648438,20.3700008392334,3.59922077013656,-0.8268486415845986,-0.9241178581921506
ADANIPOWER.NS,2023-05-19,2023-05-22,48.79999923706055,2.0017839340106387,0.9910320383317281,3.972737592020744,0.40513721791914925,59.87261146496815,True,49.58000183105469,51.209999084472656,51.61000061035156,1.5983659962883308,4.938524354692746,5.758199625456132
ADANIGREEN.NS,2020-07-06,2020-07-07,400.3999938964844,2.4404252478598036,1.0,7.886139654781754,1.4735139974255018,89.33333333333333,True,413.75,373.6000061035156,364.75,3.3341674093449187,-6.6933037466272705,-8.903595014964209
ADANIGREEN.NS,2021-11-12,2021-11-15,1330.0,2.039163649515745,1.0,7.16282720805575,1.2820606684330382,60.3896103896104,True,1305.050048828125,1313.5,1340.949951171875,-1.875936178336466,-1.2406015037593985,0.8233045993890977
ADANIGREEN.NS,2024-05-14,2024-05-15,1790.0,4.0079366057751225,0.9026091202445652,0.35878755108262594,0.5148324587705533,58.59872611464968,True,1839.1500244140625,1833.0,1866.449951171875,2.745811419780028,2.4022346368715084,4.2709469928421795
ATGL.NS,2020-01-24,2020-01-27,173.64999389648438,4.5178633256936305,0.9217391304347826,3.9850112617334656,0.5574584704263197,75.33333333333333,True,173.89999389648438,169.89999389648438,166.39999389648438,0.14396775628395883,-2.1595163442593823,-4.175064932234806
ATGL.NS,2022-03-17,2022-03-21,1810.199951171875,3.372115183001007,0.9707241392358761,4.723565889863775,1.8361988356508263,77.56410256410257,True,1814.1500244140625,1898.0,2054.60009765625,0.21821198479374218,4.85029561354731,13.501279034183868
JSWENERGY.NS,2019-05-24,2019-05-27,71.8499984741211,2.503155684902755,0.918182373046875,4.4497112568555375,1.6046067214389392,73.15436241610739,True,72.80000305175781,73.3499984741211,73.3499984741211,1.3222054249296762,2.087682716569952,2.087682716569952
JSWENERGY.NS,2020-09-02,2020-09-03,59.349998474121094,2.205862443229963,0.9166666666666666,7.82994110467308,0.5645038251127943,64.23841059602648,True,60.29999923706055,61.349998474121094,58.349998474121094,1.6006752946315415,3.3698400192412437,-1.6849200096206218
JSWENERGY.NS,2021-02-11,2021-02-12,77.0999984741211,2.336147451224731,0.9411758546046401,7.264958435886358,0.4421924647502795,82.89473684210526,True,74.6500015258789,75.0,75.4000015258789,-3.177687414695006,-2.723733483374797,-2.204924749528754
JSWENERGY.NS,2022-07-28,2022-07-29,243.3000030517578,2.291302854576703,0.905325951327154,5.821337119302033,1.7293731123692924,78.98089171974523,True,238.75,261.6000061035156,273.70001220703125,-1.8701204252717905,7.5215794583713205,12.494865916136618
SUZLON.NS,2021-02-02,2021-02-03,6.427496910095215,2.4970453108948543,1.0,7.667429686939811,2.567357148195737,60.526315789473685,True,6.197944164276123,6.01430082321167,5.738836765289307,-3.571417443368188,-6.428569202959351,-10.714282004932253
IEX.NS,2022-08-01,2022-08-02,167.14999389648438,2.129295420191853,0.9520964868198638,2.8463831120951038,1.0595531668439406,91.71974522292994,True,166.1999969482422,163.3000030517578,165.89999389648438,-0.5683499748318976,-2.303314977750375,-0.7478313165683526
IEX.NS,2024-04-25,2024-04-26,160.1999969482422,2.2361041408772917,0.9436628799112842,7.877265851908283,0.7496929606716884,72.61146496815286,True,158.85000610351562,156.3000030517578,157.5500030517578,-0.8426909303642002,-2.434453165279644,-1.6541784937365147
IGL.NS,2020-12-29,2020-12-30,258.25,2.949586872435597,0.903614679326358,6.274326303225066,0.4281594241144937,79.47019867549669,True,252.77499389648438,253.5749969482422,259.5249938964844,-2.1200410855820424,-1.8102625563437804,0.49370528421466603
IGL.NS,2023-04-05,2023-04-06,226.0,2.038326787798903,0.941052888569079,2.2418593234555457,0.9138954817361267,63.69426751592356,True,231.22500610351562,233.85000610351562,242.60000610351562,2.311949603325498,3.4734540281042587,7.345135444033462
IGL.NS,2023-09-07,2023-09-08,238.85000610351562,2.0366948185067506,0.9317511287877553,4.128306445448645,0.5915032360780392,84.71337579617835,True,240.875,229.64999389648438,235.625,0.8478098575416235,-3.8517948385749845,-1.3502223240965436
IGL.NS,2024-12-05,2024-12-06,193.5,2.5745072786030527,0.9071155446726897,4.446107069678529,0.9847825562885104,76.58227848101265,True,192.0,193.0,193.5500030517578,-0.7751937984496124,-0.2583979328165375,0.025841370417474162
IGL.NS,2025-06-16,2025-06-17,211.89999389648438,5.574325959669116,0.9061900834413393,2.5040413230780234,0.921979376770854,62.65822784810127,True,208.91000366210938,202.25999450683594,206.0,-1.4110383768277244,-4.5493155579597095,-2.784329432008663
GUJGASLTD.NS,2022-11-15,2022-11-16,515.0,3.2716206746843883,0.9463095221027235,2.2381511769180733,0.40509242609507723,66.87898089171973,True,504.29998779296875,501.8999938964844,505.25,-2.0776722732099513,-2.5436905055370147,-1.8932038834951457
GUJGASLTD.NS,2024-06-07,2024-06-10,594.7999877929688,2.1719713287749,0.9433556818514254,6.016042152200113,2.0539931466807104,89.24050632911393,True,590.0,610.5,632.0499877929688,-0.806991911815485,2.639544809892621,6.262609408957412
GUJGASLTD.NS,2025-05-14,2025-05-15,474.0,2.6698079958265937,0.9073563138104053,5.577563960096471,0.36027960647213586,84.17721518987342,True,473.6499938964844,467.1499938964844,464.0,-0.07384095010878164,-1.4451489669864188,-2.109704641350211
PETRONET.NS,2019-08-27,2019-08-28,259.8999938964844,2.835413175621927,0.9216426663265701,7.099909204378313,0.42955910667956676,56.375838926174495,True,260.04998779296875,266.8500061035156,265.6499938964844,0.057712158525142596,2.674110184781063,2.2123894324869315
PETRONET.NS,2022-04-20,2022-04-21,206.89999389648438,2.6727544496922744,0.9494949183577217,2.293815344000972,1.0490244596548015,57.692307692307686,True,210.6999969482422,202.85000610351562,205.5500030517578,1.8366375852379286,-1.9574615333217595,-0.6524847194543593
TATASTEEL.NS,2019-04-26,2019-04-30,54.30500030517578,4.1461405025740685,0.9223602778804507,2.4486854085446526,0.9693568677590747,55.033557046979865,True,55.720001220703125,54.779998779296875,53.060001373291016,2.6056549260206534,0.8746864403862676,-2.2926045942146978
TATASTEEL.NS,2023-12-15,2023-12-18,136.85000610351562,2.4404528998033377,0.9199991861979167,5.583608345244187,1.2932779200891975,91.0828025477707,True,136.60000610351562,129.75,133.5500030517578,-0.18268176021190372,-5.188166450021977,-2.4114014647990842
TATASTEEL.NS,2024-03-01,2024-03-04,154.89999389648438,2.887504596674393,0.9084970579435524,5.558170328400991,1.6192168700068565,63.69426751592356,True,153.10000610351562,151.60000610351562,153.4499969482422,-1.1620321910223153,-2.130398917364739,-0.9360858653171946
TATASTEEL.NS,2025-09-03,2025-09-04,169.0,3.317875467023114,0.9843756457165745,5.608779312262623,0.5510715147017065,56.9620253164557,True,166.80999755859375,168.82000732421875,169.42999267578125,-1.2958594327847632,-0.10650454188239646,0.2544335359652367
JSWSTEEL.NS,2019-09-20,2019-09-23,252.9499969482422,2.3280283420384142,0.9043284220185399,6.873979609620321,5.319112930777714,79.86577181208054,True,243.6999969482422,234.39999389648438,232.1999969482422,-3.6568492237984507,-7.333466406624805,-8.203202312845175
JSWSTEEL.NS,2022-10-27,2022-10-28,676.5999755859375,3.5827397985998117,0.9028564453125,5.295560210483311,0.45649078749665506,70.70063694267516,True,670.4000244140625,686.3499755859375,680.2000122070312,-0.9163392544473304,1.4410287247729314,0.5320775570492902
JSWSTEEL.NS,2023-04-11,2023-04-12,719.9000244140625,2.396877416404441,0.9471688900353774,4.60945320778906,0.5574768321964241,74.52229299363057,True,718.25,721.2000122070312,722.3499755859375,-0.22920188333171398,0.18057893441896042,0.3403182509778427
JSWSTEEL.NS,2024-03-01,2024-03-04,839.0,2.4185600596223913,0.9012694275093704,2.284052308877917,1.6192168700068565,63.69426751592356,True,824.2999877929688,812.9000244140625,829.7999877929688,-1.7520872713982418,-3.1108433356302143,-1.0965449591217222
JSWSTEEL.NS,2025-05-15,2025-05-16,1043.4000244140625,2.7236500940139665,0.9545468800887784,3.900829686058046,1.6021438141461841,85.44303797468355,True,1021.7999877929688,1012.7000122070312,1005.5999755859375,-2.0701587229905987,-2.942305107216316,-3.622776302823282
JSWSTEEL.NS,2025-05-26,2025-05-27,1032.0,2.3774876602133297,0.9345141385508849,2.5071790454946807,0.5954979456279652,80.37974683544303,True,1013.7000122070312,1006.2000122070312,978.7999877929688,-1.7732546311016233,-2.4999988171481347,-5.155039942541788
HINDALCO.NS,2021-12-31,2022-01-03,475.54998779296875,2.305229962641839,0.9176193223004521,4.755305712682278,0.8724831757606522,59.61538461538461,True,478.04998779296875,475.3500061035156,493.5,0.5257070895117714,-0.0420527167672197,3.7745794696236663
JINDALSTEL.NS,2022-01-05,2022-01-06,404.0,2.0688392475833983,0.907656883634614,5.872315374195362,0.6739585234692091,80.76923076923077,True,402.8999938964844,404.29998779296875,390.3999938964844,-0.2722787384939666,0.07425440420018564,-3.366338144434561
JINDALSTEL.NS,2024-03-01,2024-03-04,837.8499755859375,2.2065869377707448,0.9566089819629059,6.974479175459678,1.6192168700068565,63.69426751592356,True,839.4500122070312,830.1500244140625,827.75,0.19096934626927559,-0.91901311645801,-1.2054634934940753
JINDALSTEL.NS,2024-05-14,2024-05-15,987.0,2.8810347367453417,0.907531468881387,5.657191136387354,0.5148324587705533,58.59872611464968,True,993.5499877929688,1015.5,1077.699951171875,0.6636259162075734,2.8875379939209727,9.189458072125127
JINDALSTEL.NS,2025-09-03,2025-09-04,1028.0,2.2719687986685426,0.9710522032620614,4.464748492680097,0.5510715147017065,56.9620253164557,True,1031.8499755859375,1041.550048828125,1039.5999755859375,0.3745112437682393,1.3180981350316148,1.128402294351897
VEDL.NS,2025-08-19,2025-08-20,451.0,2.572191265708274,0.9262684476546481,2.552269253951839,0.41685646806257637,56.32911392405063,True,445.5,444.25,428.20001220703125,-1.2195121951219512,-1.4966740576496673,-5.055429665846729
NMDC.NS,2019-09-20,2019-09-23,22.546844482421875,2.0484317116943407,0.9245283372224989,1.1010789376334877,5.319112930777714,79.86577181208054,True,23.417972564697266,21.931930541992188,23.44359588623047,3.8636363636363633,-2.727272727272727,3.9772811867652935
NMDC.NS,2020-11-05,2020-11-06,23.213001251220703,2.3428039273900434,0.9292936280798215,7.389129287572,1.7785598915690537,76.82119205298014,True,23.161758422851562,24.084129333496094,23.328298568725586,-0.22075055187637968,3.7527593818984544,0.4966928500846898
NMDC.NS,2023-07-31,2023-08-01,39.349998474121094,2.773734328520748,0.9368407611392997,5.431203326260666,0.5484562836559181,69.23076923076923,True,38.95000076293945,37.71666717529297,37.53333282470703,-1.0165126472487744,-4.1507785569605575,-4.616685438015481
NMDC.NS,2024-09-26,2024-09-27,79.0633316040039,2.5371564713122705,0.9274493960393327,6.776367646533407,0.8148714241454025,70.88607594936708,True,78.3933334350586,81.51000213623047,78.85333251953125,-0.8474196006576867,3.0945704950569763,-0.26560869648708496
SAIL.NS,2024-09-26,2024-09-27,140.0,2.6174198594622076,0.9465020920677248,5.307572714969233,0.8148714241454025,70.88607594936708,True,140.5399932861328,141.02999877929688,139.00999450683594,0.3857094900948661,0.7357134137834821,-0.7071467808314733
SAIL.NS,2025-05-14,2025-05-15,122.98999786376953,2.171351403615158,0.9516384164652196,7.15917132078027,0.36027960647213586,84.17721518987342,True,122.69999694824219,122.11000061035156,124.87999725341797,-0.23579227625368746,-0.7155031048888235,1.5367098320807393
SAIL.NS,2025-09-03,2025-09-04,130.0,3.1723404060390625,0.9503094405428715,4.976002080913842,0.5510715147017065,56.9620253164557,True,127.56999969482422,131.4499969482422,129.72000122070312,-1.8692310039813702,1.1153822678786058,-0.21538367638221154
HINDZINC.NS,2025-05-29,2025-05-30,466.8999938964844,2.0311199002949416,0.9027237816129898,4.8694930616607,0.3278479228775888,73.41772151898735,True,458.20001220703125,468.75,491.6000061035156,-1.8633501398978352,0.3962317686227657,5.290214720479831
HINDZINC.NS,2025-09-12,2025-09-15,466.0,3.971043156264081,0.9169143389098074,5.971752369923584,0.4339045410009845,74.68354430379746,True,460.1499938964844,459.45001220703125,453.04998779296875,-1.2553661166342542,-1.405576779607028,-2.7789725766161477
HINDCOPPER.NS,2023-05-26,2023-05-29,107.0,2.071268958303618,0.9518079819983123,3.4927191358746987,0.9726420827874671,74.52229299363057,True,108.9000015258789,113.25,113.80000305175781,1.775702360634492,5.841121495327103,6.355143039025993
APLAPOLLO.NS,2024-06-07,2024-06-10,1634.0,4.098513211161274,0.9079236734338242,3.0398935217670857,2.0539931466807104,89.24050632911393,True,1629.800048828125,1580.8499755859375,1558.800048828125,-0.2570349554391065,-3.252755472096848,-4.602200194117198
HINDUNILVR.NS,2026-04-17,2026-04-20,2240.800048828125,2.083472688172557,0.9625004359654018,4.3562630097604105,0.6480241406387144,95.0,True,2231.5,2368.800048828125,2327.300048828125,-0.4150325163099074,5.712245502089326,3.8602284057088028
ITC.NS,2020-11-11,2020-11-12,178.3319091796875,2.387512761236076,0.9178068513103712,7.6008951848937,0.9346041508720315,81.45695364238411,True,181.02806091308594,181.60581970214844,177.22454833984375,1.511872858761239,1.835852337094726,-0.6209549625400868
ITC.NS,2021-02-04,2021-02-05,223.540771484375,2.2921974892177333,0.9058443529558244,7.73735868671935,0.7146758029381362,81.57894736842105,True,225.6591796875,220.50758361816406,218.05215454101562,0.9476607730474225,-1.356883509916199,-2.4553091173987545
ITC.NS,2023-07-20,2023-07-21,473.56170654296875,2.2301624906749593,0.9109192942320757,5.2827248381705525,0.7361412439498949,77.70700636942675,True,472.26177978515625,445.1557312011719,447.8037414550781,-0.27449997325629427,-5.998368311737522,-5.439199312783427
ITC.NS,2023-12-01,2023-12-04,438.1264343261719,2.3112289479377783,0.9151284090377508,2.5690148744070336,0.6692941610506598,91.71974522292994,True,437.211669921875,446.07049560546875,432.4933776855469,-0.2087900506856568,1.8131892204848707,-1.2857148529027946
ITC.NS,2024-04-25,2024-04-26,422.96051025390625,2.132507878950198,0.9193568724206911,2.587441441457009,0.7496929606716884,72.61146496815286,True,423.6827087402344,419.4940185546875,420.26434326171875,0.17074844313351714,-0.8195780965787538,-0.6374512340570451
NESTLEIND.NS,2020-10-27,2020-10-28,857.5,3.856409463055182,0.9224388433377197,7.271937395280642,1.0337608346965288,56.95364238410596,True,855.95751953125,858.0800170898438,844.625,-0.17988110422740525,0.06764047694970846,-1.501457725947522
NESTLEIND.NS,2024-09-20,2024-09-23,1352.574951171875,2.1899595121698727,0.9357052682203475,5.588961447789036,1.4760441377741573,59.49367088607595,True,1362.574951171875,1348.675048828125,1372.8499755859375,0.7393305628893962,-0.28833169950183635,1.498994521264508
BRITANNIA.NS,2023-06-07,2023-06-08,4901.89990234375,3.392547437213031,0.9232947500012653,5.884437488897499,0.6849851638528914,88.53503184713377,True,4875.0498046875,4900.25,4941.64990234375,-0.5477487951847433,-0.03365842584751946,0.8109100714397349
DABUR.NS,2020-01-13,2020-01-14,480.95001220703125,2.284191945194889,0.9246232080529503,3.8636135361718464,0.5935480807329307,86.0,True,482.6499938964844,487.6000061035156,486.04998779296875,0.3534632802382268,1.382678808129814,1.0603961859849476
DABUR.NS,2020-05-28,2020-05-29,443.75,2.87411389337563,0.9051578282443601,0.12301057763675709,1.8803043536468778,73.33333333333333,True,466.45001220703125,460.8500061035156,462.54998779296875,5.11549570862676,3.853522502200704,4.236616967429577
DABUR.NS,2026-04-17,2026-04-20,443.95001220703125,2.074639434695751,0.937185910382574,1.649454160642201,0.6480241406387144,95.0,True,441.70001220703125,460.0,451.1000061035156,-0.5068138164507442,3.6152691410410442,1.6105403085674548
GODREJCP.NS,2023-12-21,2023-12-22,1076.1500244140625,2.1103052620695877,0.957317527031654,3.7708979919038583,0.49597940765233606,73.88535031847134,True,1074.25,1103.449951171875,1131.199951171875,-0.176557577564245,2.5368142116315653,5.11545096026791
COLPAL.NS,2020-10-27,2020-10-28,1540.0,2.9060671239934996,0.9517710623393076,6.443665022752019,1.0337608346965288,56.95364238410596,True,1540.9000244140625,1516.699951171875,1489.6500244140625,0.0584431437702922,-1.5129901836444806,-3.2694789341517856
MARICO.NS,2024-07-18,2024-07-19,686.0,2.1040366156053896,0.9363625266335227,7.490900627308683,0.7632129743428306,70.25316455696202,True,668.6500244140625,672.5499877929688,675.0,-2.5291509600491984,-1.9606431788675291,-1.6034985422740524
TATACONSUM.NS,2019-03-11,2019-03-12,204.4499969482422,2.1466448241351133,0.9543378868173781,3.8605290270900143,1.2020353532001593,89.1156462585034,True,204.89999389648438,206.1999969482422,200.25,0.22010122521846118,0.8559550139993514,-2.054290540931357
TATACONSUM.NS,2022-07-15,2022-07-18,797.7999877929688,2.320681886249844,0.9204532318547735,5.5120193717631185,0.6935957686387662,66.87898089171973,True,794.3499755859375,795.0,804.0499877929688,-0.4324407445248718,-0.3509636294573815,0.7834043739822534
TATACONSUM.NS,2023-04-24,2023-04-25,736.0,4.513802129917542,0.9155168204471983,2.889513599520446,0.6771973756565242,68.78980891719745,True,734.4500122070312,754.0,779.5999755859375,-0.210596167522928,2.4456521739130435,5.923909726350204
TATACONSUM.NS,2023-06-07,2023-06-08,824.7999877929688,3.7170112118120997,0.9723069411057692,4.66194882821047,0.6849851638528914,88.53503184713377,True,807.0999755859375,800.75,862.5,-2.145976293524642,-2.915856953068419,4.570806591293773
TATACONSUM.NS,2023-06-13,2023-06-14,822.7999877929688,2.0744265276462817,0.9360026041666667,3.333557290484684,0.6163502439319402,82.80254777070064,True,862.5,862.75,858.9000244140625,4.824989401557999,4.855373456457001,4.387461978205227
TATACONSUM.NS,2023-09-13,2023-09-14,895.0,2.123505816961006,0.9372985936389935,3.9797038080024314,0.3841345269944396,73.88535031847134,True,884.5499877929688,880.9500122070312,871.0,-1.1675991292772347,-1.5698310383205307,-2.6815642458100557
TATACONSUM.NS,2024-07-03,2024-07-04,1147.550048828125,2.5196886005751473,0.938440369117318,3.634477757192701,0.6742306607722792,80.37974683544303,True,1135.199951171875,1150.800048828125,1150.800048828125,-1.0762142939963173,0.2832120484260265,0.2832120484260265
TATACONSUM.NS,2025-09-17,2025-09-18,1136.300048828125,2.95833249356488,0.9299721324648237,4.114652698189079,0.3611475529465391,81.64556962025317,True,1129.300048828125,1130.0999755859375,1140.0999755859375,-0.6160344714601705,-0.5456369775379033,0.3344122674051976
VBL.NS,2020-11-05,2020-11-06,62.573333740234375,5.0265307742726195,0.934131336441057,3.202480235815566,1.7785598915690537,76.82119205298014,True,61.715553283691406,64.42666625976562,63.684444427490234,-1.3708402689617603,2.9618567666941575,1.7756936075493452
VBL.NS,2025-12-22,2025-12-23,488.6000061035156,2.409806841874307,0.9035709926060268,2.5882549584364356,0.7933329106115661,61.25000000000001,True,481.75,482.8500061035156,484.45001220703125,-1.4019660290516596,-1.176831749523514,-0.8493642743846282
TITAN.NS,2020-11-20,2020-11-23,1375.0,3.252044319412293,0.9187580123682747,7.665111560170929,0.683930941371913,84.10596026490066,True,1347.5999755859375,1306.949951171875,1361.199951171875,-1.9927290482954545,-4.949094460227273,-1.0036399147727273
TITAN.NS,2025-03-20,2025-03-21,3186.949951171875,2.0712520633721314,0.90480078125,2.418719124075859,1.2356195589090069,85.44303797468355,True,3162.699951171875,3053.699951171875,3087.64990234375,-0.7609156206260164,-4.1811136679759455,-3.1158333312266584
TRENT.NS,2019-12-27,2019-12-30,549.75,2.6903709485941034,0.9214145760037221,5.463071923452607,0.9833794601157297,72.0,True,544.4000244140625,529.6500244140625,535.9000244140625,-0.9731651816166439,-3.65620292604593,-2.519322525864029
TRENT.NS,2021-07-22,2021-07-23,922.9500122070312,2.375006172009215,0.9249374631574768,3.7143143260245113,1.2279233123449584,59.86842105263158,True,891.1500244140625,917.0,914.9000244140625,-3.4454723844605732,-0.6446732898137255,-0.8722019271356832
TRENT.NS,2023-06-13,2023-06-14,1695.5,3.3791699942881217,0.9056508015258481,7.963927015813262,0.6163502439319402,82.80254777070064,True,1711.199951171875,1714.25,1719.449951171875,0.925977656849012,1.1058684753759953,1.41255978601445
DMART.NS,2019-06-26,2019-06-27,1393.1500244140625,2.4370273408770684,0.9368048773871528,4.706574627113965,0.4331778503613437,56.375838926174495,True,1390.550048828125,1426.050048828125,1460.0999755859375,-0.18662567134727717,2.3615564610781776,4.805652657547282
DMART.NS,2020-05-28,2020-05-29,2330.0,2.451576109717457,0.9833650112903488,0.06517359166292676,1.8803043536468778,73.33333333333333,True,2269.35009765625,2381.699951171875,2414.199951171875,-2.603000100590129,2.218882024543991,3.613731809951717
ULTRACEMCO.NS,2020-01-02,2020-01-03,4237.0,2.822457879500607,0.9388785226208117,3.5149814592117816,0.8183886337984836,74.0,True,4219.2001953125,4242.10009765625,4388.0,-0.4201039576941232,0.12037048988081189,3.563842341279207
ULTRACEMCO.NS,2023-09-04,2023-09-05,8582.0,2.1767676838592003,0.9632358705024693,4.133509759872049,0.48108337016425917,69.42675159235668,True,8454.849609375,8495.150390625,8461.7001953125,-1.4815939247844325,-1.0119973126893498,-1.4017688730773712
GRASIM.NS,2025-05-15,2025-05-16,2845.0,2.271571949236924,0.957078071489726,4.260901501411571,1.6021438141461841,85.44303797468355,True,2804.199951171875,2720.800048828125,2674.60009765625,-1.4340966196177505,-4.365551886533392,-5.989451751977152
AMBUJACEM.NS,2019-09-20,2019-09-23,216.1999969482422,2.580085181806164,0.9176241895597168,7.571735896664017,5.319112930777714,79.86577181208054,True,220.5500030517578,210.10000610351562,207.0500030517578,2.0120287534310224,-2.821457414815268,-4.232189651082587
ACC.NS,2022-04-20,2022-04-21,2218.25,4.5735036768335915,0.913517030401041,3.114128113898303,1.0490244596548015,57.692307692307686,True,2270.10009765625,2262.050048828125,2349.89990234375,2.3374325552237125,1.9745316726304518,5.934854157274879
ACC.NS,2022-09-12,2022-09-13,2513.39990234375,2.46873047912198,0.9208726352363433,7.457523459433592,0.5775695663245095,82.80254777070064,True,2572.800048828125,2747.699951171875,2641.10009765625,2.363338457560385,9.322036203217792,5.080775056664057
SHREECEM.NS,2023-09-04,2023-09-05,25700.0,4.019694874312945,0.9091630040407502,6.429275636696157,0.48108337016425917,69.42675159235668,True,25725.05078125,25738.80078125,25797.400390625,0.09747385700389105,0.15097580252918288,0.3789898467898833
DALBHARAT.NS,2022-07-06,2022-07-07,1390.0,2.191813749055697,0.9354838709677419,5.768561396390258,1.1318189707300252,65.60509554140127,True,1453.1500244140625,1450.5,1477.1500244140625,4.543167224033273,4.35251798561151,6.269785929069245
DALBHARAT.NS,2025-06-26,2025-06-27,2199.0,2.6785829294530403,0.9540932559165146,5.197393080237016,1.2052010814129765,79.11392405063292,True,2208.60009765625,2188.89990234375,2209.800048828125,0.43656651460891316,-0.45930412261255116,0.49113455334811273
LT.NS,2019-05-20,2019-05-21,1455.0,2.5583725585004684,0.9354536576704545,6.614175319683271,3.6915407876193296,71.81208053691275,True,1449.0999755859375,1476.0999755859375,1596.0,-0.4054999597293814,1.450170143363402,9.690721649484537
LT.NS,2019-09-20,2019-09-23,1452.0,3.0471060523230546,0.9611311180147443,5.077424055074897,5.319112930777714,79.86577181208054,True,1528.5,1450.0999755859375,1472.6500244140625,5.268595041322314,-0.13085567589962122,1.422177989949208
LT.NS,2020-06-23,2020-06-24,979.0,2.1758379701269375,0.9606553374743853,6.266358528958387,1.5497691991291696,93.33333333333333,True,955.5499877929688,962.2000122070312,943.6500244140625,-2.3953025747733654,-1.7160355253287791,-3.6108248810967822
LT.NS,2023-09-07,2023-09-08,2888.0,2.371089689774377,0.9241758433467535,5.527871319481509,0.5915032360780392,84.71337579617835,True,2901.60009765625,2944.10009765625,2918.60009765625,0.4709175088729224,1.9425241570723684,1.0595601681527007
LT.NS,2025-09-16,2025-09-17,3672.0,2.126565223062534,0.9233626865761726,2.321757070772488,0.6777256391098607,82.91139240506328,True,3685.5,3675.39990234375,3657.60009765625,0.3676470588235294,0.09258993310866012,-0.39215420326116557
SIEMENS.NS,2020-07-03,2020-07-06,689.6069946289062,3.25042693269412,0.9214665101247194,5.072077031956116,0.5273976044848361,83.33333333333334,True,682.26953125,678.8649291992188,667.9173583984375,-1.0640065190833385,-1.5577083053613832,-3.1452169713186353
SIEMENS.NS,2022-07-21,2022-07-22,1643.5985107421875,2.122183219104684,0.9342655003671952,7.760179624954255,0.5108719746296009,89.171974522293,True,1616.126953125,1571.2508544921875,1575.1544189453125,-1.6714275072433824,-4.401783998777811,-4.164282904221434
SIEMENS.NS,2025-11-17,2025-11-18,3244.800048828125,5.396549877227048,0.9367436327969692,3.942311051987827,0.39906690408659795,62.5,True,3249.5,3216.300048828125,3163.89990234375,0.1448456330482493,-0.878328389149677,-2.4932243980208417
HAVELLS.NS,2021-05-18,2021-05-19,1072.800048828125,2.791724953601856,0.9439329511157984,5.091665338126315,1.2393443335275034,80.26315789473685,True,1074.0999755859375,1028.300048828125,995.0999755859375,0.12117139249131069,-4.148023673993085,-7.24273580403574
HAVELLS.NS,2021-07-05,2021-07-06,1027.449951171875,2.059047059174332,0.930445508866924,1.93963003481588,0.7133188273225066,71.05263157894737,True,1021.4000244140625,1028.5,1042.5,-0.5888293391724001,0.10219951121972896,1.4647962960102745
HAVELLS.NS,2022-07-21,2022-07-22,1249.5999755859375,2.6706636266699686,0.9521530727866707,4.394400423217657,0.5108719746296009,89.171974522293,True,1226.449951171875,1210.550048828125,1225.25,-1.8525948196507807,-3.1249941998039805,-1.9486216438600517
HAVELLS.NS,2023-09-08,2023-09-11,1465.8499755859375,4.668585563545715,0.9519230769230769,7.479339975663694,0.47091903665750223,87.89808917197452,True,1446.050048828125,1398.5,1431.050048828125,-1.3507471492707135,-4.594602224488628,-2.3740442294513864
CUMMINSIND.NS,2019-05-20,2019-05-21,760.0999755859375,3.2781431033121313,0.9090907052837713,6.78843716935726,3.6915407876193296,71.81208053691275,True,745.4000244140625,720.9500122070312,788.4500122070312,-1.9339496966229033,-5.150633421442588,3.729777336098398
CUMMINSIND.NS,2019-05-24,2019-05-27,750.0,3.0579308798804408,0.9062491059308968,4.615039576371695,1.6046067214389392,73.15436241610739,True,788.4500122070312,766.0999755859375,790.0499877929688,5.126668294270834,2.1466634114583334,5.339998372395834
CUMMINSIND.NS,2019-05-27,2019-05-28,791.0999755859375,2.7235787744347073,0.9419798160474505,7.9305437469210105,0.6809330661248669,79.86577181208054,True,796.0,763.1500244140625,772.4000244140625,0.6193938269854249,-3.5330491763918386,-2.363791145110915
CUMMINSIND.NS,2019-09-20,2019-09-23,613.9500122070312,2.9819372226385354,0.9085938775034389,2.325776561420925,5.319112930777714,79.86577181208054,True,624.0499877929688,592.7000122070312,576.5999755859375,1.6450810953859332,-3.4611938394805746,-6.083563136814284
CUMMINSIND.NS,2021-08-03,2021-08-04,911.4500122070312,3.13951538349624,0.9123345797532462,5.795254904007044,1.5460955882416139,71.89542483660131,True,894.6500244140625,900.9000244140625,945.0499877929688,-1.8432154882842569,-1.1574949423087366,3.6864309765685137
CUMMINSIND.NS,2023-05-26,2023-05-29,1755.800048828125,3.083202408653281,0.9456348323193213,5.987828725737474,0.9726420827874671,74.52229299363057,True,1744.050048828125,1759.9000244140625,1753.25,-0.6692105976328176,0.2335103925229954,-0.14523571917126787
CUMMINSIND.NS,2025-10-27,2025-10-28,4309.39990234375,2.124031261749795,0.9027237354085603,7.129695625195853,0.6625291500029773,70.44025157232704,True,4285.60009765625,4384.2001953125,4379.7001953125,-0.5522765402801447,1.7357473120113178,1.6313244201475903
BEL.NS,2025-09-12,2025-09-15,400.0,2.0119734774526385,0.9621981018300036,5.038710269868308,0.4339045410009845,74.68354430379746,True,398.45001220703125,412.20001220703125,408.8999938964844,-0.3874969482421875,3.0500030517578125,2.2249984741210938
HAL.NS,2020-01-13,2020-01-14,402.5,8.188000864629451,0.9190144969272875,7.953061497552605,0.5935480807329307,86.0,True,429.3999938964844,422.2250061035156,402.8500061035156,6.683228297263198,4.9006226344138195,0.08695803814052795
HAL.NS,2022-01-10,2022-01-11,647.7999877929688,2.6914405416152327,0.9134947609701427,3.0914057595948425,1.0700318921871732,77.56410256410257,True,640.0999755859375,659.875,698.4249877929688,-1.18864037544442,1.8640031544567301,7.814912157142446
HAL.NS,2022-07-19,2022-07-20,920.2750244140625,2.108815815372292,0.9017450801920843,3.2330524914712293,0.3811764271124396,82.80254777070064,True,915.5499877929688,934.4749755859375,941.8250122070312,-0.5134374502994007,1.543011686198491,2.3416899536841815
HAL.NS,2025-09-12,2025-09-15,4790.0,2.1434142088992982,0.9739341976615697,5.311500373539257,0.4339045410009845,74.68354430379746,True,4795.2001953125,4890.2001953125,4916.2001953125,0.10856357646137788,2.091862115083507,2.6346596098643005
BHEL.NS,2022-04-01,2022-04-04,54.29999923706055,2.8884477142786373,0.9263153076171875,5.445509143343787,1.1777965258592316,85.8974358974359,True,54.400001525878906,56.75,56.54999923706055,0.1841662803378206,4.511972002510253,4.143646467059877
BHEL.NS,2023-05-29,2023-05-30,82.94999694824219,2.5775772745689802,0.9055120286144416,3.4387611238998925,0.5367798508963517,79.48717948717949,True,82.05000305175781,82.0,85.5999984741211,-1.0849836402597324,-1.1452645969775639,3.194697556809329
VOLTAS.NS,2023-08-09,2023-08-10,849.4000244140625,2.5294827607835737,0.9278041023890913,7.040111091899111,0.3152707884763739,70.70063694267516,True,836.75,825.4000244140625,825.75,-1.4892893866807697,-2.825523818009754,-2.784321136601907
VOLTAS.NS,2024-01-31,2024-02-01,1091.0,4.716865705612769,0.9256086728241164,7.248638353619845,0.9460025419002926,68.15286624203821,True,1048.75,1023.0999755859375,1038.9000244140625,-3.8725939505041245,-6.223650267100137,-4.77543314261572
POLYCAB.NS,2019-10-15,2019-10-16,709.0,2.6123147778962186,0.9048272494612069,6.220168197334757,0.7684353972992053,68.0,True,718.5,723.5999755859375,781.1500244140625,1.3399153737658673,2.059234920442525,10.176308097893159
POLYCAB.NS,2020-05-29,2020-06-01,694.0,2.700351303524829,0.90880078125,0.9663932541718601,0.9504662651105722,82.66666666666667,True,713.3499755859375,754.4500122070312,773.2000122070312,2.788180920163905,8.710376398707673,11.412105505335916
POLYCAB.NS,2022-04-21,2022-04-22,2758.800048828125,3.280738650378631,0.9169741797589724,7.218666821860953,1.4941678252146096,66.66666666666666,True,2520.10009765625,2518.050048828125,2520.699951171875,-8.652310676638898,-8.72662011522963,-8.630567400395309
POLYCAB.NS,2022-07-19,2022-07-20,2289.0,5.755211019568417,0.9281253814697266,1.788701219062654,0.3811764271124396,82.80254777070064,True,2199.0,2210.89990234375,2207.550048828125,-3.9318479685452163,-3.4119745590323283,-3.558320278369375
SOLARINDS.NS,2023-06-28,2023-06-30,3780.050048828125,2.8739296093766367,0.9439102783554162,0.8031011861503475,0.822107281232487,73.88535031847134,True,3740.300048828125,3727.10009765625,3702.60009765625,-1.0515733783028383,-1.400773812195696,-2.0489133786968163
SOLARINDS.NS,2025-12-22,2025-12-23,12690.0,2.1337737853675134,0.9367396593673966,0.27262674663899567,0.7933329106115661,61.25000000000001,True,12545.0,12437.0,12028.0,-1.1426319936958234,-1.9936958234830575,-5.2167060677698975
TATACHEM.NS,2025-06-25,2025-06-26,947.0,2.0878748028658376,0.9356361267079317,2.552027549173621,0.8001820520425307,70.88607594936708,True,935.25,936.6500244140625,934.1500244140625,-1.2407602956705386,-1.0929224483566526,-1.35691400062698
SRF.NS,2021-04-01,2021-04-05,1154.0,2.9262933522682615,0.9013886536222848,5.296790774164646,1.202457416691849,61.8421052631579,True,1130.43994140625,1237.949951171875,1251.8699951171875,-2.0415995315207973,7.274692475899047,8.48093545209597
SRF.NS,2022-08-30,2022-09-01,2514.64990234375,2.7021837714472543,0.9032116128138584,4.860592653815857,2.578426378902554,80.2547770700637,True,2666.35009765625,2601.199951171875,2620.5,6.032656680005818,3.4418329465050794,4.209337353784066
PIDILITIND.NS,2019-09-20,2019-09-23,717.5,3.1086359457728165,0.9011194029850746,4.317611106314994,5.319112930777714,79.86577181208054,True,740.6749877929688,719.3499755859375,738.4000244140625,3.2299634554660277,0.25783631859756095,2.9128953887195124
PIDILITIND.NS,2020-07-20,2020-07-21,725.0,2.1153516347832513,0.9276859868900585,3.139198148542789,1.1053321760931656,78.0,True,701.4249877929688,690.4249877929688,678.0999755859375,-3.2517258216594827,-4.768967200969828,-6.468968884698276
PIDILITIND.NS,2020-10-19,2020-10-20,771.0,2.2587080344157533,0.9012345679012346,4.358119826153072,0.9402769621849272,55.62913907284768,True,762.4249877929688,737.75,737.3250122070312,-1.1121935417679962,-4.312581063553826,-4.367702696883106
PIDILITIND.NS,2022-01-04,2022-01-05,1300.8499755859375,2.3620153040003786,0.9359069588561776,7.359565199724487,1.018687423526421,82.6923076923077,True,1318.9749755859375,1361.7249755859375,1354.875,1.3933197786190537,4.679632635775718,4.15305572725465
PIDILITIND.NS,2024-03-06,2024-03-07,1417.550048828125,3.99803245859256,0.9409094323645105,4.419944991593878,0.5266971542034149,61.146496815286625,True,1432.925048828125,1427.949951171875,1430.5,1.0846177891715614,0.7336532739953344,0.9135445469865843
UPL.NS,2021-05-05,2021-05-06,640.7000122070312,2.0500022213803994,0.9127138548774895,4.666995061890438,0.8370959153933599,60.526315789473685,True,633.0,674.5999755859375,691.6500244140625,-1.2018124021110714,5.291082056035931,7.95224149154029
DEEPAKNTR.NS,2023-08-04,2023-08-07,2036.0,3.0607932702425185,0.9225948598294184,0.898545213677805,0.6983389270114548,63.05732484076433,True,2046.75,2065.449951171875,2083.64990234375,0.5279960707269155,1.446461255986002,2.3403684844670924
DEEPAKNTR.NS,2023-11-06,2023-11-07,2138.35009765625,2.340830477180938,0.9486369222280742,4.322113826550651,0.941990339899168,59.87261146496815,True,2099.64990234375,2076.39990234375,2113.35009765625,-1.8098156777469485,-2.8971025549277845,-1.1691256743879959
DEEPAKNTR.NS,2024-04-10,2024-04-12,2298.0,2.7268999914673264,0.9150587885351359,4.896609990628952,0.49044741142307835,77.07006369426752,True,2316.699951171875,2321.89990234375,2271.85009765625,0.8137489630929069,1.0400305632615319,-1.1379417904155789
AARTIIND.NS,2022-07-21,2022-07-22,781.2000122070312,2.7909085445604487,0.9111885177811632,6.730946695318243,0.5108719746296009,89.171974522293,True,759.8499755859375,746.1500244140625,763.5,-2.7329795554887455,-4.486685515268516,-2.2657465348759427
PIIND.NS,2019-11-27,2019-11-28,1487.0,2.5060185147673453,0.9065009433049536,4.521426390810904,0.5233557820665036,58.666666666666664,True,1482.8499755859375,1506.550048828125,1497.199951171875,-0.2790870486928379,1.3147309232094821,0.6859415717468056
PIIND.NS,2024-07-26,2024-07-29,4208.25,2.1990638274373255,0.9633251833740831,7.584036101275232,1.756732976027453,71.51898734177216,True,4396.85009765625,4430.75,4278.89990234375,4.481675225004455,5.287233410562585,1.6788428050555457
NAVINFLUOR.NS,2023-04-11,2023-04-12,4489.0,4.192853348406913,0.9505421835292776,5.559802197714518,0.5574768321964241,74.52229299363057,True,4453.10009765625,4531.89990234375,4641.89990234375,-0.7997305044274894,0.9556672386667409,3.4061016338549783
NAVINFLUOR.NS,2024-04-10,2024-04-12,3244.0,3.9964043575138555,0.9263036730022197,4.330868375677555,0.49044741142307835,77.07006369426752,True,3296.64990234375,3229.5,3222.64990234375,1.6229932904978421,-0.4469790382244143,-0.6581411114750307
FINEORG.NS,2020-10-19,2020-10-20,2762.949951171875,2.391157772198211,0.9270253166691208,5.409570731507315,0.9402769621849272,55.62913907284768,True,2784.35009765625,2692.199951171875,2714.25,0.7745397804002335,-2.5606688955763444,-1.7626070697089338
DLF.NS,2020-01-10,2020-01-13,244.35000610351562,2.1843144000558206,0.9111107720269097,6.673320252243962,0.33480474426501594,73.33333333333333,True,252.8000030517578,255.89999389648438,261.25,3.458152951574905,4.726821160002652,6.91630590314981
GODREJPROP.NS,2019-03-18,2019-03-19,721.0,2.541679082302766,0.9275048476724665,1.522644327685878,0.30936423551506387,82.99319727891157,True,752.5,846.3499755859375,814.1500244140625,4.368932038834951,17.38557220332004,12.919559558122398
GODREJPROP.NS,2020-01-23,2020-01-24,1026.6500244140625,2.733146134982532,0.9253966316344246,5.2524109666238,0.606672363529781,66.66666666666666,True,1053.0,1059.1500244140625,1087.949951171875,2.5665976680783853,3.165635730496246,5.97086887450259
GODREJPROP.NS,2021-07-05,2021-07-06,1452.300048828125,2.529446114044162,0.9241375101023707,3.2856491668613463,0.7133188273225066,71.05263157894737,True,1433.75,1454.6500244140625,1514.0,-1.2772876268298148,0.1618106112324184,4.248430014283983
PRESTIGE.NS,2020-12-01,2020-12-02,289.8999938964844,2.2155362928991855,0.9367351921237245,7.926715384148925,1.0802694687318537,92.71523178807946,True,290.25,289.1499938964844,286.95001220703125,0.12073339457902954,-0.2587099054123489,-1.0175859784621055
PRESTIGE.NS,2022-04-08,2022-04-11,516.4000244140625,2.0313435291550843,0.9136220910721401,7.392939440434512,0.8208759390795572,89.74358974358975,True,501.6000061035156,483.8500061035156,488.1499938964844,-2.8659987627498347,-6.303256539826855,-5.470571104180766
PHOENIXLTD.NS,2025-10-15,2025-10-16,1674.0999755859375,2.4196493218647848,0.9275816732842921,5.032427648359102,0.7080820872521931,61.63522012578616,True,1694.9000244140625,1656.300048828125,1691.199951171875,1.2424615692885934,-1.0632535103874245,1.0214429147191453
BHARTIARTL.NS,2021-07-22,2021-07-23,537.6064453125,2.426515806990589,0.9466112017650709,2.630386649601477,1.2279233123449584,59.86842105263158,True,538.1953735351562,530.5881958007812,556.697998046875,0.10954634710785835,-1.305462308518117,3.551213513312226
ASIANPAINT.NS,2020-10-27,2020-10-28,2199.800048828125,2.080280458252373,0.9219449022839652,5.804754139503792,1.0337608346965288,56.95364238410596,True,2159.550048828125,2211.5,2154.64990234375,-1.8297117513676724,0.5318643018536063,-2.0524659279113724
BERGEPAINT.NS,2025-10-17,2025-10-20,548.0,2.5340091826757103,0.9391916134326943,2.1178519422525204,0.48679837376106594,66.0377358490566,True,539.75,542.3499755859375,541.2000122070312,-1.5054744525547445,-1.0310263529311132,-1.240873684848312
ADANIPORTS.NS,2022-08-01,2022-08-02,800.8499755859375,2.0797698526272383,0.9293966845149391,7.731641780197618,1.0595531668439406,91.71974522292994,True,802.2999877929688,807.25,801.6500244140625,0.1810591560510889,0.7991539750475684,0.09989996285379775
ADANIPORTS.NS,2023-06-28,2023-06-30,752.7999877929688,2.7925466591175465,0.9327957209775466,3.1818085348206995,0.822107281232487,73.88535031847134,True,739.25,741.7000122070312,740.0499877929688,-1.7999452726738352,-1.474491998662221,-1.6936769668899676
ADANIPORTS.NS,2023-07-31,2023-08-01,778.9500122070312,2.027577412942251,0.9160145912309563,4.909228061829874,0.5484562836559181,69.23076923076923,True,765.3499755859375,773.3499755859375,791.4000244140625,-1.74594472147965,-0.7189211802214285,1.5983069531966647
ADANIPORTS.NS,2024-05-23,2024-05-24,1435.0,2.2568892029776033,0.930924314882517,7.846255790540605,1.6366619608483068,82.16560509554141,True,1416.0999755859375,1400.5,1383.5,-1.3170748720601044,-2.4041811846689893,-3.588850174216028
ADANIPORTS.NS,2024-09-12,2024-09-13,1472.949951171875,2.3387627247390648,0.9310338779719519,0.04039303854668782,1.887963282727112,63.92405063291139,True,1452.0999755859375,1426.5999755859375,1408.199951171875,-1.4155250536075117,-3.1467447722213224,-4.395940265891932
ADANIENT.NS,2024-05-14,2024-05-15,3046.75,3.356331662584682,0.9507147647805154,1.8389483993205855,0.5148324587705533,58.59872611464968,True,3049.75,3060.5,3140.949951171875,0.09846557807499795,0.4513005661770739,3.091817548925084
CONCOR.NS,2021-05-18,2021-05-19,612.0,3.516820813152956,0.9069179318985849,5.209148742467031,1.2393443335275034,80.26315789473685,True,599.75,586.5999755859375,668.0999755859375,-2.0016339869281046,-4.150330786611519,9.166662677440767
CONCOR.NS,2021-08-02,2021-08-03,693.0,2.813189440757698,0.9281201799189072,3.993266905400762,0.7746000136419795,64.05228758169935,True,699.4500122070312,698.9500122070312,670.4000244140625,0.9307376922123016,0.8585876200622294,-3.261179738230519
CONCOR.NS,2024-04-10,2024-04-12,969.0,2.5928344013720084,0.9175154825508979,6.346746010931131,0.49044741142307835,77.07006369426752,True,946.7999877929688,946.8499755859375,926.8499755859375,-2.291022931582172,-2.285864232617389,-4.349847720749485
IRCTC.NS,2022-07-29,2022-08-01,646.3499755859375,3.4071715286679014,0.9166659358814936,5.495402969219905,1.3505953826479233,85.35031847133759,True,641.9000244140625,642.1500244140625,642.3499755859375,-0.688473944451065,-0.6497952085582747,-0.6188597742846463
IRCTC.NS,2023-05-29,2023-05-30,637.0,3.5452466535533946,0.9397590361445783,3.853684844448904,0.5367798508963517,79.48717948717949,True,643.75,649.5,643.6500244140625,1.0596546310832025,1.9623233908948194,1.0439598766189166
